company_id,name
com_3023610d,"""DIA"" Productions GmbH & Co. KG"
com_ed032e3a,"""Weathering With You"" Film Partners"
com_9b1a115a,.406 Production
com_df463d46,1+2 Seisaku Iinkai
com_e8fea585,10 West Studios
com_c59f228e,120 Films
com_8c3af4ef,120dB Films
com_6a528df6,13 Productions
com_f7429ef6,1492 Pictures
com_b41b3d97,1818 Productions
com_de4c07c0,19 Entertainment
com_b8fe5977,1978 Films
com_463e120d,1984 Private Defense Contractors
com_1bd27214,1992 Number Four Limited Partnership
com_69188ac5,2 Loop Films
com_e20c15db,2.0 Entertainment
com_666f556c,2.4.7. Films
com_2444a371,2003 Productions
com_d71231db,20th Century Studios
com_1396c91b,21 Laps Entertainment
com_83252ca7,21st Century Film Corporation
com_df873d0d,21st Century Films
com_415b4a3b,25th Hour Productions
com_9dbf5a9a,26 Films
com_abef7da4,2929 Productions
com_c9ecf0fc,2DUX²
com_7f216a62,3 Arts Entertainment
com_e796c892,3 Miles Apart Productions Ltd.
com_e11891f1,3311 Productions
com_8ada76d7,360 Pictures
com_4d6a9613,391 Productions
com_cc03e893,3B Productions
com_5d3d5ca1,3Mark Entertainment
com_c26a6dae,4 1/2 Film
com_d0f76832,4 Kids Entertainment
com_c5cd6cdd,40 Acres & A Mule Filmworks
com_e8335823,49th Parallel Productions
com_3ce9e2c7,4Kids Entertainment
com_99876406,4k Films
com_7e0443b3,7 Arts International
com_0fd53cfa,7 Films Cinéma
com_1902ab05,7DM Studios
com_69cab583,8383 Productions
com_bc6cc276,88 Productions
com_55508051,888 Productions
com_8dd0f78a,900 Films
com_837bd735,98 MPH Productions
com_9e4c755b,A Band Apart
com_2da3398c,A Bigger Boat
com_de623615,A Hot Dog
com_a568ceb0,A Lucky Old Sun Production
com_63650751,A&M Films
com_3579aad1,A.M.A. Film
com_4c1af6c8,A24
com_729f0bf9,ABC Animation
com_4db20233,ABC Entertainment
com_d28b66c4,ABC Motion Pictures
com_1b0462b1,ABC Productions
com_c7b623aa,ABS-CBN Film Productions
com_acfc7392,ACCENT Films
com_cf3b8f29,ADC Films
com_afb0e34b,ADHM Films
com_703c7a3c,AI-Film
com_c50317fe,AITD Productions
com_ff5d9444,AM/PM Entertainment
com_ab7f7f50,AMLF
com_92c29472,AOI Promotion
com_3db43fe5,AR Films
com_925f209e,ARD Degeto Film
com_7203926e,ARP Sélection
com_185b6218,ARTE
com_114efeff,ASIG Productions
com_3af580ea,ATO Pictures
com_e0c2ced9,AVA Films & Entertainment
com_05fc5456,AVCO Embassy Pictures
com_44f60e99,Aamir Khan Productions
com_d874fbcb,Aardman Animations
com_aa73cac7,Aaron Russo Entertainment
com_b38888e8,Aaron Spelling Productions
com_ad67fa30,Abandon Entertainment
com_bb654fab,Abandon Pictures
com_287f5ba3,Abbas Kiarostami Productions
com_6c70a376,Abbolita Productions
com_2199ad3a,Abominable Pictures
com_626a94f1,About Film
com_89a45f2c,Above All Things Inc.
com_44a253c8,Abraham Productions
com_c8c39cd4,Abramoff Production
com_0a3d020e,Acacia Filmed Entertainment
com_cd1b1593,Accent Films B.V.
com_65625e98,Access Entertainment
com_b8a79121,Ace Maker Movie Works
com_3550a62c,Acorn Pictures
com_5609855c,Act III Communications
com_9fe010e9,Action Communications
com_f4476fa0,Action Features
com_af397d2f,AdScott Pictures
com_a6632f0d,Ada Films
com_46edc0ab,Adam Packer Film Productions
com_98c77571,Adams Apple Film Company
com_68823828,Addis Wechsler Pictures
com_d991b217,Admire Productions Ltd.
com_0d71f24b,Adventure Pictures
com_90fde5ec,Affirm Films
com_2815934c,After Dark Films
com_49098c06,Agenda
com_0efae464,Aggregate Films
com_2e729cf4,Agile Films
com_b411698a,Aim
com_45ebe3bb,Ajay Devgn Ffilms
com_0521222b,Akira Committee Company Ltd.
com_36d813d9,Alacran Pictures
com_cadd2e07,Alameda Films
com_9e46fd31,Alan Enterprises
com_459b8159,Albacore Productions Inc.
com_733bff14,Albert Band International Productions Inc.
com_4fbc9a4a,Alcatraz Films
com_6212bee7,Alcon Entertainment
com_5402a0c8,Alcor Films
com_2dcf96d8,Alcove Entertainment
com_75077713,Aldamisa Entertainment
com_46803a42,Aleph Producciones S.A.
com_3bd15aac,Alexandre Films
com_d6c7a95a,Alfama Films
com_556a5da1,Alibaba Pictures
com_ccdffd72,Alicia Produce
com_037f3310,Alicéléo
com_50323b26,Alive Enterprises
com_b6ebf8d3,Alive Films
com_d1327391,Aljosha
com_229c2811,All Girl Productions
com_44e599a6,All Net Productions
com_7930cb20,Allan Zeman Productions
com_b4d242eb,Allarts
com_4d786ab6,Alleged Productions
com_e219e97e,Allegro Films
com_ce6be275,Allen Smithee Classic Films
com_05bd29b5,Alliance
com_d670e112,Alliance Atlantis Communications
com_e03e2ad4,Alliance Atlantis Motion Picture Production
com_1a075513,Alliance Communications Corporation
com_b5da346d,Alliance Entertainment
com_7e713446,Alliance Films
com_7335b11a,Alliance Films Corporation
com_c4a9e4fb,Allied Filmmakers
com_0c76182d,Allied Stars Ltd.
com_cc74ff57,Allied Vision
com_6a00da54,Allison Shearmur Productions
com_f791d39d,Alloy Entertainment
com_d3d11c78,Allspark Pictures
com_f488f3c3,Almena Films
com_0a191abf,Almost You
com_76387ba3,Alphaville Films
com_8dbda0ee,Alpilles Productions
com_d9ec2e1e,Also Known As Pictures
com_7fb7d5df,Alta Films
com_7f69a158,Altar Identity Studios
com_bbcc1297,Altavista Films
com_c681cbf3,Alter Ego Entertainment
com_95eb1f09,Alternate Current
com_90f54164,Am Psycho Productions
com_c33e6fff,Amasia Entertainment
com_9d7de9d9,Amazon Studios
com_9777782a,Amber Entertainment
com_77f07aa8,Ambience Entertainment
com_9dabc4ee,Amblimation
com_6361e181,Amblin Entertainment
com_c8ca17b6,Ambridge Film Partnership
com_e0522635,Amen Ra Films
com_4002b57d,Amercent Films
com_d092b1f0,American Cinema Productions
com_354b1b9f,American Eagle Films
com_6ee88f9b,American Empirical Pictures
com_ca61c6a1,American Entertainment Investors
com_bc7bfd92,American Entertainment Partners II L.P.
com_d9407059,American Filmworks
com_7cff4ce5,American Playhouse
com_3cafbb66,American Playhouse Theatrical Films
com_fe8c70b5,American Zoetrope
com_87b25d05,Amuse
com_ac9292d9,Amuse Soft
com_9aaaf6c1,Amusement Park Films
com_f1d114a7,An Impulsive Production
com_edecbb83,Anabasis N.V.
com_05753dfd,Anarchist's Convention Films
com_14ba9cbd,Anchor Bay Films
com_336ff62e,Andrea Sperling Productions
com_cb1edd61,Andrew Lauren Productions
com_f49eaa6c,Ang Lee Productions
com_442b0f64,Angeles
com_9ed2eb9e,Angeles Cinema Investors
com_155ef4dd,Angry Films
com_b5ebeb46,Anhelo Producciones
com_91805f68,Animal Kingdom
com_acf94acd,Animal Logic
com_e967f019,Animal Productions LLC
com_cf688cc7,Animatógrafo
com_38b4e0f2,Anna Biller Productions
com_5569c99a,Annapurna Pictures
com_7eb77430,Annapurna Productions
com_6fd6447b,Annhall
com_e766b677,Anonymous Content
com_1359194c,Antena 3 Films
com_e8078e68,Antibes Inc.
com_d2771814,Antidote Films (I)
com_1192cbe3,Antonine Films
com_d54e9d15,Antron Media Production
com_af654863,Apartment Story
com_2fd63823,Apartment Two
com_2f5dcd04,Apatow Productions
com_0afc09cc,Apeitda
com_3af6de1e,Apocalypso Pictures
com_d661cb7d,ApolloMedia Distribution
com_98e948c7,Apostle
com_c607fb4f,Appian Way
com_f0e54671,Applause Bhansali Productions
com_70bc832c,Applause Pictures
com_07f8d53a,Appledown Films Inc.
com_77ca786a,Applied Action
com_465290c4,Aquarius Films
com_7b7abbcf,Aramid Entertainment Fund
com_b1bb1f94,Arc Productions
com_efbd2f92,Arcade Pictures
com_888df452,Arcafin B.V.
com_e31b50e0,Archer Gray
com_26b40bdd,Archer Street Productions
com_cd25de54,Archerwest
com_fabbe469,Archimede
com_653bfde2,Ardican Films
com_6fa3f3da,Arena
com_87a71b4f,Arenafilm
com_a387ffb3,Argos Films
com_10aa6a11,ArieScope Pictures
com_0156ebc4,Aries Cinematográfica Argentina
com_52e7a492,Aristar Entertainment
com_55f88c76,Arka Mediaworks
com_8a49522f,Armian Pictures
com_d8dbcaee,Armory Films
com_f199a1d8,Arnold Kopelson Productions
com_3fc3b28a,Art Linson Productions
com_2f07a14a,Artbees
com_648c3133,Arte France Cinéma
com_ef6ae737,Artfire Films
com_dcddd361,Artic Productions LLC
com_221d8774,Artimm
com_51f9a532,Artisan Entertainment
com_4d347642,Artista Management
com_c9a31faa,Artistry Limited
com_7d68285b,Artists First
com_8c3d8ea2,Artists Public Domain
com_01c7ea0a,Arts Council of England
com_776cc670,Artémis Productions
com_fd5c3af7,Asahi National Broadcasting Company
com_30f6844b,Ascendant Pictures
com_1f0f298c,Ascot Film
com_2591ed03,Asghar Farhadi Productions
com_01bc7450,Asher-Grodin Productions
com_24e141ad,Ashutosh Gowariker Productions
com_4cb82844,Asia Union Film & Entertainment Ltd.
com_2252bbd2,Asmik Ace Entertainment
com_d28b31de,Aspen Film Society
com_56e93a0b,Aspen Productions (I)
com_ff69abc0,Astoria Films
com_478b756f,Astrakan Films
com_66d28b63,Astral Bellevue Pathé
com_3027a68d,Astralwerks
com_c45c158a,Astute Films
com_cff4ebcd,Asymmetrical Productions
com_8429113c,Atchafalaya
com_f17af17f,Atlantic
com_756e8259,Atlantic Entertainment Group
com_661ee742,Atlantic Pictures (II)
com_d3c69195,Atlantic Records
com_a6567816,Atlas
com_c2f11593,Atlas Entertainment
com_6dc13eec,Atlas Productions
com_ec5af4c6,Atman Entertainment
com_bf1ecfb6,Atomic Monster
com_2fadd25c,Audax Films
com_877ac52a,Audifilm
com_e443a90b,Audiovisual Aval SGR
com_87b1a5cc,"Audiovisual Development Bureau, Ministerio da Cultura"
com_5f22f473,August Entertainment
com_509e0895,Aurora
com_b4c3b3fa,Aurora Alliance Films
com_7f5274c4,Aurora Productions LLC
com_d617da6b,Australian Film Finance Corporation (AFFC)
com_7aea1269,Automatik Entertainment
com_b3764873,Autonomous Films
com_57342831,Available Light Productions
com_207087d1,Avenging Venture
com_e8756434,Avenue Pictures
com_8b1f0c7c,Avery Pix
com_50a16cfb,Avi Arad & Associates
com_78a691f0,Avi Arad Productions
com_f50601dd,Aviron Pictures
com_28633688,Avnet/Kerner Productions
com_b3359242,Avrora Media
com_844d4f55,Award Entertainment
com_886e6c35,Awesomeness Films
com_7e2e101d,Azoff Entertainment
com_751d82fc,B Story
com_4391c2c8,B.A. Produktion
com_43ab6b19,B.O.M. Film Productions Co.
com_be75e0fd,B24
com_63accb6e,BBC Films
com_374ecd1c,BBC Scotland
com_45c60973,BBE
com_09826a45,BBL Motion Picture Studios
com_dd88c292,BCDF Pictures
com_26e3d191,BET Films
com_be6e5159,BET Pictures
com_83037498,BFI Film Fund
com_727dd9bf,BIM Distribuzione
com_1e370597,"BKM, kulturelle Filmförderung des Bundes"
com_7aaaee36,BMG Independents
com_7a2657c2,BN Films
com_bc6e62e1,BR Petrobrás
com_405f6beb,BRON Studios
com_19948ac5,BZ Entertainment
com_fc012dce,Babieka
com_b6d03999,Baby Cow Productions
com_abc8bbbf,Baby Way Productions
com_74778912,Babylon
com_4e2719d6,Bac Films
com_133f8793,Bachelor Party Productions
com_a136ae7f,Backup Media
com_0e6a4ff4,Bad Bird Productions
com_6af178a4,Bad Cop Bad Cop Film Productions
com_f6259abe,Bad Lt. Productions
com_fccf9cff,Bad Robot
com_c6149166,Bagdasarian Productions
com_0daf6b63,Bake My Cake Films
com_c7478d20,Baker Street
com_8b92c92c,Bakshi Animation
com_cea6c1a4,Bakshi Productions
com_5625a603,Balboa Entertainment
com_99037fcb,Balcor Film Investors
com_19401b72,Baldwin/Cohen Productions
com_b9427b2b,Balkan Productions
com_6dc70936,Ball & Chain Productions
com_020179a8,Balthazar Productions
com_f838872a,Baltic Industrial Finance
com_bcd001f0,Baltimore Pictures
com_7cb2ce74,Bandai Media Department
com_c646f486,Bandai Visual Company
com_b71784ca,Bandeira Entertainment
com_516e97f8,Bank Street Films
com_7505be52,Banner Entertainment
com_42e37698,Barbarian Films
com_37278ff2,Barcelona Films
com_18ac7eee,Barclays Mercantile Industrial Finance
com_3531b473,Barry & Enright Productions
com_6b21ac9e,Barunson E&A
com_252b008e,Basilisk Communications
com_407a9e1c,Bates Entertainment
com_0f13bba4,Baughn/Freed Productions
com_d1173cdf,Baumgarten-Prophet Entertainment
com_15bd81b1,Bavaria Film
com_8aeb4d33,Bayerischer Rundfunk (BR)
com_1263ae87,Bayview Films
com_50c7ee74,Bazelevs Production
com_3c5686e9,Bazmark Films
com_ab504b55,Beachside Films
com_30ab89c7,Beacon Communications
com_b0ac6126,Becker Films
com_eb19acd9,Beckner/Gorman Productions
com_c61ede40,Beco Films
com_783d7040,Before The Door Pictures
com_8b38a745,Behaviour Worldwide
com_9c57af6e,Beijing Dengfeng International Culture Communications Company
com_58e03360,Beijing Diqi Yinxiang Entertainment
com_502aeda7,Beijing Enlight Pictures
com_1e530221,Beijing Film Studio
com_2206caca,Beijing New Picture Film
com_084eefd9,Beijing Skywheel Entertainment Co.
com_40ddfac7,Bel Air Entertainment
com_e7dd1775,Belbo Films
com_8d8e1d17,Belladonna Productions
com_d1ac8ee9,Bellanova Films
com_dd21dd85,Bellboy Films Limited
com_683e1194,Bellwether Pictures
com_5eb4df71,Ben-Ami/Leeds Productions
com_d429b313,BenderSpink
com_d36096a1,Bergen
com_408a470e,Bergman Lustig Productions
com_33388039,Berk/Lane Entertainment
com_1e7414e7,Bestboy Pictures
com_85fa1d39,Beverly Detroit
com_a51c69a0,Beyond Films
com_8f00b289,Bhansali Productions
com_85504a0b,BiBi Film
com_8b984698,Big Beach Films
com_4ed0f891,Big Cat Productions
com_ec8fdabe,Big City Pictures
com_f2bec79c,Big Dog Films
com_2662689d,Big Easy Pictures
com_164fabc2,Big Indie Pictures
com_9f5f94e1,Big Red Dog Productions
com_ddcaf18d,Big Screen Entertainment Group
com_ce457d06,Big Screen Productions
com_9cc386e2,Big Talk Productions
com_9954c43a,Bigel / Mailer Films
com_2c53f4bb,Bigelow Productions
com_7b4702cc,Bill Graham Films
com_5a1f5fc5,Bill Kenwright Films
com_b191b5bd,Bioskop Film
com_981e23f2,Black Bear Pictures
com_28113bdc,Black Bicycle Entertainment
com_5458844c,Black Entertainment Television (BET)
com_4881ca7d,Black Label Media
com_5eb67373,Black Rhino Productions
com_a09c3710,Black River Productions
com_99797c68,BlackWhite
com_f91249a4,Blackhawk Productions
com_c60a5cc0,Blake Edwards
com_9e23110b,Blank of the Dead Productions
com_6c279309,Bleecker Street Films
com_40b2b9f7,Bleiberg Entertainment
com_b8de5a1b,Blinding Edge Pictures
com_1bb92be5,Block / Hanson
com_dc58e582,Block 2 Pictures
com_52008f17,Blockbuster Films
com_e57cdfbc,Bloom
com_a4dc100c,Blow Up Pictures
com_857a56fb,Blue Askew
com_225ca73c,Blue Budgie Films Limited
com_73d68919,Blue Haze Entertainment
com_4ec3665b,Blue Rider Pictures
com_1ce9d6bf,Blue Sky Films
com_71eb2b84,Blue Sky Studios
com_316e3edb,Blue Streak Films
com_67ffb970,Blue Train Productions
com_3434629e,Blue Tulip Productions
com_3d7d9e82,Blue Yonder Films
com_aa1b572f,Bluegrass Films
com_474a936a,Blueline Productions
com_5f126ced,Blueprint Pictures
com_5ae64049,Blumhouse Productions
com_3bb2dec6,Blurco
com_1d0c6fb9,Blustarr
com_5df4ac5d,Bob Industries
com_3bbcbe0d,Bob Yari Productions
com_0b268838,Bob-Bea Productions
com_14b11b3c,Boies / Schiller Film Group
com_f52eeac7,Bold Films
com_2a8b37d5,Boll Kino Beteiligungs GmbH & Co. KG
com_73170be1,Bombshell Pictures
com_97b3d82e,Bona Fide Productions
com_38f26e7c,Bona Film Group
com_5f4176cc,Bonded Filmworks
com_dcd154cc,Bones
com_b0b2f870,Boneyard Entertainment
com_22923b26,Boneyard Film Company Inc.
com_2ab70044,Boo Productions
com_fec6977c,Borough Park Productions
com_9d1011c4,Boundscript
com_2dfcd932,Bountiful Film Partners
com_7709d9a0,Bow and Arrow Entertainment
com_ca0c53c7,Brandenberg
com_72f97a50,Brandywine Productions
com_e155bfdf,Brant-Allen
com_91938617,Branti Film Productions
com_f646fb4f,Braun Entertainment Group
com_df4c0243,Braunstein and Hamady Productions
com_038130d3,Braveart Films
com_00980402,Braven Films
com_3dc4ce25,BreakThru Productions
com_958ce4ca,Breathless Associates
com_4f07c61e,Bregman/Baer Productions
com_dba01972,Breton Film Productions
com_e1eca8dc,Bridgit Folman Film Gang
com_02285f1d,Brigand Films
com_8503ae37,Brightlight Pictures
com_05ca96f8,Brillstein-Grey Entertainment
com_2229dfc9,Brio Films
com_87da568a,Britannic
com_c90ebdff,British Broadcasting Corporation (BBC)
com_278b06f7,British Broadcasting Corporation (BBC) Television
com_f6884184,British Columbia Film
com_94ea5930,British Columbia Television
com_84043f20,British Film Institute (BFI)
com_f2fb8ff1,British Screen Finance Ltd.
com_bef54aad,British Screen Productions
com_3fc693c6,Broad Green Pictures
com_42f913f7,Broadway Pictures
com_1bceda19,Broadway Productions
com_5dd8a9ac,Broadway Video
com_d6bed43e,BroadwayHD
com_253febe2,Broken Lizard Industries
com_a7d01ebc,Broken Road Productions
com_2af5fe81,Broken Twig Productions Inc.
com_614752e0,Bronco Productions
com_a0d64c19,Bronze Eye Productions
com_98940eb7,Brooksfilms
com_222f4952,Brothers K Productions
com_df1a2184,Brothers McMullen Productions
com_f42db6c9,Brownstone Entertainment (II)
com_4e338c20,Brownstone Productions (II)
com_353c18a7,Bruin Grip Services
com_6b7900c8,Bryna Productions
com_561fa170,Buckeye Films
com_df6a7c4f,Buckeye Pictures
com_d05281f3,Bud Yorkin Productions
com_ccb8f5f9,Budapest Stúdió Vállalat
com_770342e3,Buena Vista Home Entertainment
com_6c73e443,Buena Vista International
com_85ac38cf,Buena Vista International Film Production (Germany)
com_daaf2ee1,Buena Vista Negative Cutting
com_710a8df6,Bulbul Films
com_b6fbd34e,Bull's Eye Entertainment
com_deca075e,Bullwinkle Studios
com_60406c0a,Bungalow Productions
com_a53010f7,Bunya Productions
com_8ba1c0e3,Burk A Project
com_519b63c0,Burrowes Film Group
com_4428cde8,Butcher's Run Films
com_7a8b278a,Butler Pictures
com_ad0ea35c,Byzantine Productions
com_96f6b09e,Bórd Scannán na hÉireann
com_59b88024,C & C Brown Production
com_c71f67bc,C-2 Pictures
com_7ea4be92,C.A.T. Films
com_d93fc8b0,C.H.U.D. Productions
com_eb8337a9,C.L.G. Films
com_4f269ec8,C.O.R.E. Feature Animation
com_e9ea0b63,CB Films
com_7f39e406,CBS Entertainment Production
com_4819ff1c,CBS Films
com_b0e523e0,CBS Theatrical Films
com_a06682d2,CFS Avala Film
com_1ef64a75,CG Cinéma
com_2718f23a,CIP Filmproduktion GmbH
com_79d77a28,CJ Entertainment
com_b942fd59,CNCAIMC
com_c135e62a,CTB Film Company
com_2c92b58c,CTV
com_68ed3116,Cabal Film
com_e204d0ce,Cable and Wireless Finance
com_a1274812,Cactus Blue Entertainment
com_014fb27a,Café Film
com_0850cdc5,CalMaple
com_0dc50ae0,Caledonia Pictures
com_674587b7,Calendar International Pictures
com_b9a94064,Calendar Productions
com_3db7c53a,Califilm
com_0ae27ff5,Calimari Productions
com_29ec309b,Callahan Filmworks
com_c36daa2d,Callender Company
com_bc585256,Camberwell / Fly Films
com_7c37c812,Cambridge Productions
com_7204ebd9,Camelot Pictures
com_fa800c26,Camp Hill
com_cd32b2c5,Caméra One
com_153dbca0,Caméras Continentales
com_a12d8285,Canadian Broadcasting Corporation (CBC)
com_5d3e2e13,Canadian Film Development Corporation (CFDC)
com_29696c3a,Canadian International Studios VIII
com_e5a548ab,Canal+
com_450142ca,Canal+ Droits Audiovisuels
com_2f1cb5eb,Canal+ España
com_cc113eaf,Canana Films
com_9d9c51ba,Candyman Films
com_56ae2df8,Cannon Entertainment
com_30ba80a2,Cannon Films
com_4db1ac15,Cannon Films Inc.
com_8f6270cd,Cannon Group
com_e4d380d2,Cannon International
com_0b460bff,Cannon Pictures
com_c530a8f3,Cannon Screen Entertainment
com_299c7d44,Cannon and Morley Productions
com_0f16551f,Canon Italia S.r.l.
com_5fc7cc94,Cantaloupe Production
com_421dc16c,Canyon Creek Films
com_3dcc162a,Canyon Media
com_3d8dd6f8,Capcom Entertainment
com_b26dfdc0,Cape of Good Films
com_53f9c9c2,Capella Films
com_88facc00,Capella International
com_c7de07a7,Capital Equipment Leasing
com_e7c90f35,Capitol Films
com_9c611862,Cappa Production
com_0961db32,Capricorn
com_96312903,Captivity Productions
com_b83bf729,Caravan Pictures
com_370e8458,Cargo Entertainment
com_793bf416,Carnival Film & Television
com_5248eda1,Carolco Entertainment
com_4293757c,Carolco International N.V.
com_50991cb6,Carolco Pictures
com_abf0f629,Caroline Productions
com_70bc3d13,Carousel Productions (II)
com_bf2d0195,Carsey-Werner Company
com_4084ea59,Carson Productions
com_289f3257,Carthago Films S.a.r.l.
com_524543d4,Carver Films
com_c1cbb3cd,Cascade Films
com_8ef91967,Casey Silver Productions
com_47f4a9aa,Castelao Producciones
com_f68d0a83,Castle Rock Entertainment
com_870650f6,Casual Friday Productions
com_3eab2b49,Cat In The Mill Studio
com_9838d1e8,Catalyst Global Media
com_f4e39550,Cattle Annie Productions
com_bcc44ae0,Causeway Films
com_86aafc39,Cave 76
com_fc924d99,Caviar
com_b1283fd1,Cecchi Gori Europa N.V.
com_e5cbc457,Cecchi Gori Group Tiger Cinematografica
com_ba88f100,Cecchi Gori Pictures
com_7ce4f779,Celador Films
com_492c9e76,Celandine Films
com_89fa0bc0,Celluloid Dreams
com_45b686ef,Cent Productions Inc.
com_721a156b,Centar Film
com_307a8143,Central Motion Pictures
com_6e7ce0d2,Centre national du cinéma et de l'image animée (CNC)
com_f8329342,Centropolis Film Productions
com_17109777,Centurion
com_53396933,Century Video Corporation
com_314e5023,Chai Productions
com_bd783a0f,Chaiken Films
com_65cc6ce1,Challenge Film Corporation
com_0c746a44,Channel 4 Television Corporation
com_9b01d4b5,Channel Films
com_902139eb,Channel Four Film
com_d2aee9f5,Channel Four Films
com_1f5bcc71,Chaos Productions
com_8df1fe09,Charles Burnett Productions
com_9cd748ab,Charles H. Schneer Productions
com_07e27847,Charlie Mopic
com_25dceba0,Chartoff-Winkler Productions
com_f2ae5eca,Chase Films
com_aece9a04,Chaz Productions
com_4f04a818,Cheap Date
com_4e6c09d0,Cheerleader LLC
com_a2fc01d5,Chernin Entertainment
com_a1c2cf45,Cherry Alley Productions
com_ada1d580,Cherry Sky Films
com_13022041,Chester Films Inc.
com_68924f3f,Chestnut Hill Productions
com_93f50bb8,Chestnut Ridge Productions
com_fb915b2e,Cheyenne Enterprises
com_6f3a22bf,Chickie the Cop
com_4b173538,China Film Co-Production Corporation
com_d894c6bc,China Film Group Corporation (CFGC)
com_72dcd541,Chinese Bookie Pictures
com_dca0da24,Chiodo Brothers Productions
com_35abfe2f,Chockstone Pictures
com_8b10be98,Chongqing Film Group
com_717bb7f4,Chris Lee Productions
com_c9148f9d,Chris Morgan Productions
com_d27f5fa7,Christel Films
com_7c856f5d,Christiano Film Group
com_a5c87ea9,Christopher Columbus Productions
com_4af21fd6,Chroma III Productions
com_63d5216e,Chromewood Productions
com_16885ae1,Chuck Barris Productions
com_82bdf9eb,Chungeorahm Film
com_e7e76aa4,CiBy 2000
com_e5ebf606,Cine Bazar
com_a7e23eaf,Cine Location Services
com_d8fd2a57,Cine Mosaic
com_1d277ad9,Cine Plus
com_5a8e46b3,Cine-Source
com_55272b71,Cine365 Films
com_e5d9be59,CineSon Entertainment
com_033ad6e1,CineWild
com_aa533c85,Cinecom Entertainment Group
com_8682c699,Cinecom Pictures
com_52bf23bd,Cinecorp SAC
com_0a8ec527,Cinehaus
com_6cd3962b,Cinelou Films
com_39f64a7c,Cinema '84
com_521e1fa1,Cinema City Films
com_50ca3538,Cinema Group
com_7f7d6bad,Cinema Group Ventures
com_7a4ed48e,Cinema Libre Studio
com_3154efec,Cinema Line Film Corporation
com_8df3f837,Cinema Service
com_f2191157,Cinema VII
com_07e56a4d,Cinema Vehicle Services
com_d1eae0a1,CinemaNX
com_26f76a30,Cinemabrain
com_93ece7a0,Cinemarque Entertainment
com_f86afa72,Cinematograph AB
com_377d82ca,Cinephile
com_f5a78a74,Cineplex Odeon Films
com_ce38f8b2,Cinepro
com_ba9125d0,Cinequanon
com_b41e0bea,Cinereach
com_0f7062f8,Cinerenta Medienbeteiligungs KG
com_fb314f47,Cinergi Pictures Entertainment
com_d71f2179,Cineritino S.r.L.
com_3b0822f6,Cinesthesia Productions
com_57d7bb6f,Cinetel Films
com_d0b42275,Cineville
com_0616e5fc,Ciné Valse
com_9238e099,Cinéa
com_e358aca5,Cinépix Film Properties (CFP)
com_36c149a6,Circle Films
com_d980b489,Citizen Films
com_cf9a7538,City Films
com_c110da10,Cité-Amérique
com_93a12d1e,Class 5 Films
com_d9fa0cbf,Claudie Ossard Productions
com_ac6a79e7,Claussen & Wöbke Filmproduktion GmbH
com_40c7dbab,Clavius Base
com_ec7eed58,Clear Blue Sky Productions
com_41eeba90,Clear Type
com_ef82a7d9,Cliffjack Motion Pictures
com_1dd62b16,Clinica Estetico
com_ecc64131,Clipsal Films
com_111a41f8,Closest to the Hole Productions
com_a8458d95,Cloud Atlas Productions
com_b7559395,Cloud Eight Films
com_1f169452,Cloud Ten Pictures
com_bbc04b3f,Clubhouse Pictures (II)
com_43bb03d5,Coach Carter
com_89bd1a81,Cobalt Media Group
com_0564f95a,Cocktail Film
com_411876f4,Coco Cartoon
com_8dfc78cb,Code Entertainment
com_30a35566,Code Red
com_a5b5c932,Codeblack Entertainment
com_73c10ca5,Cohen Media Group
com_289ff4b3,Col.Ima.Son
com_2096c71b,Cold Iron Pictures
com_ae3be103,Colgems Productions Ltd.
com_37166e1f,Color Force
com_c59c238d,Columbia Films
com_81d86e58,Columbia Pictures
com_8fe31fbb,Columbia Pictures Film Production Asia
com_29fca3d2,Columbia Pictures Industries
com_34dc0519,Comme des Cinémas
com_03a8b73d,Commies From Mars Corporation
com_7208d8c8,Communicado Productions
com_13c87c34,Compact Yellowbill
com_70f95a38,Compagnie Eric Rohmer (CER)
com_d291f87d,Company Films
com_349ec9da,Company Four
com_0473ca7b,Compañía Iberoamericana de TV
com_4566084e,Compulsion Inc.
com_33d69ca0,Conacite Uno
com_6e2978e3,Concorde Pictures
com_4c5c2a3c,Concorde-New Horizons
com_19211916,Conglomerate Media
com_c6928d62,Connection III Entertainment
com_26f4d6f4,Conquering Unicorn
com_52152653,Consejo Nacional para la Cultura y las Artes (CONACULTA)
com_ce16e6e7,Constantin Film
com_ba255769,Constantin Film International
com_97472485,Constellation
com_880afcd2,Constellation Entertainment
com_cb274a7a,ContentFilm
com_bb7c603a,Continental Motion Pictures
com_64c950aa,Conundrum Entertainment
com_a22c5ae2,Copperheart Entertainment
com_8e2618d9,Coproduction Office
com_dc11869f,Cornelius Productions
com_a388e12c,Corporation Image M & M
com_61cbf356,CorradoMooncoin
com_30ed025a,Corsair Pictures
com_dd7c752c,Corsan
com_78221ee5,Cort/Madden Productions
com_f0986643,Cosmo Films
com_d5d32f8d,Cottonwood Pictures
com_0938c260,Coup d'Etat Films
com_08fbf201,Covert Media
com_a5ff32f1,Cradle Productions Inc.
com_56e5be72,Craven-Maddalena Films
com_fb6348ae,Cre Film
com_c081ab1a,Crescent Drive Pictures
com_c4b47d8b,Crescent Film Enterprises
com_7f013234,Crescent Moon
com_588f4829,Cristaldifilm
com_f024d810,Cross City Sales
com_58bd8ea9,Cross Creek Pictures
com_5c91a0bf,Crossroads Films
com_1d189149,Crowvision Inc.
com_8b8526be,Cruella Productions
com_8e0d146d,Cruise/Wagner Productions
com_80ee4833,Crunk Pictures
com_2f7ace4b,Crystal Sky Worldwide
com_055fbc9a,Crystalite Productions
com_e8b766ef,Cuba Pictures
com_3496ffc2,Cube Libre
com_820cda01,Curmudgeon Films
com_430977a8,Curzon Films
com_24f4cb53,Cypress Grove
com_42ed3bc5,Czech Anglo Productions
com_549aab20,D & P Productions
com_eac540c2,DC Entertainment
com_4bd4061e,DD Productions
com_3afa59ab,DDM Film Corporation
com_dcdb238b,DEJ Productions
com_45a606a5,DENTSU Music And Entertainment
com_603053a0,DIC Entertainment
com_e744719f,DJ Films
com_bb078cd4,DNA Films
com_f152c995,Da.Ma. Cinematografica
com_5ab59e17,Dacia Films
com_7dc978a5,Daiei Eiga
com_1cce06df,Daiei Studios
com_7b5c19f7,Daly-Harris Productions
com_d6988f8d,Daniel Grodnik Productions
com_0f085863,Danjaq
com_a57d3987,Danmarks Radio (DR)
com_0e0c07d9,Dark Castle Entertainment
com_3fbfb392,Dark Horse Entertainment
com_8d16df9b,Dash Films
com_42924722,Datari Turner Productions
com_55232873,Dave Bell Associates
com_233247a6,David Blocker Productions
com_bc3832cf,David Brown Productions
com_6e92d105,David Foster Productions
com_c3316dac,David Kirschner Productions
com_f19785d8,Davis Entertainment
com_221d2d01,Davis-Films
com_cade3a6c,Davis-Panzer Productions
com_5f64651e,Davros Films
com_39e48ca1,Daybreak
com_2e90a64e,Dayday Films
com_63340335,De Fina-Cappa
com_146a552f,De Laurentiis Entertainment Group (DEG)
com_b5c504e5,De Line Pictures
com_316a39c5,DeHaven/Shapiro Productions
com_5669a57f,Decibel Films
com_57ff92ac,Deep River Productions
com_3376ebda,Deerjen Films
com_0f77292e,Def Pictures
com_60c0cdaa,Deliverance Productions
com_031923df,Delphi Films
com_de54c936,Delphi II Productions
com_8e2c5dfd,Delphi III Productions
com_8fac3d71,Delphi IV Productions
com_ecf0b2a9,Delphi V Productions
com_dd6c988f,Demarest Films
com_0fa8c74e,Demi-Monde Productions
com_5aaa20c7,Dentsu
com_84af023f,Depth of Field
com_307473a5,Desert Hearts Productions
com_875ff181,Desert Wolf Productions
com_f1d7be11,Desperate Pictures
com_80b4359e,Destination Films
com_d3cc2a01,Destro Films
com_029d1866,Det Danske Filminstitut
com_9fb41650,Detour Filmproduction
com_243a40f8,Devoted Productions
com_1192c4bc,Dexter Studios
com_319dae9e,Dharma Productions
com_ac81fe66,Di Bonaventura Pictures
com_d3713e1b,DiNovi Pictures
com_45743147,Diablo Entertainment (II)
com_df3857bd,Diagonal TV
com_2c3877d4,Diamant Film
com_71de640a,Dickhouse Productions
com_20986cd9,Digital Image Associates
com_12bb34a6,Dimension Films
com_5c56987e,Dimitri Villard Productions
com_21535309,Dinamo Entertainment
com_c19d7a31,Dino De Laurentiis Company
com_87dfc5c2,Dino de Laurentiis Communications
com_6175c7bd,Disney Television Animation
com_c9b8cfd8,Disneytoon Studios
com_df444973,Disruption Entertainment
com_8283636b,Distant Horizon
com_e80974a8,Diversity Music
com_ecb9c07c,Dog Eat Dog Films
com_e4eee269,Dog Run Pictures
com_4a2cecfc,Dogstar Films
com_fc1af078,Dogwood Films
com_a4776af2,Dollface
com_9389859b,Don Bluth
com_b93e65d2,Don Simpson/Jerry Bruckheimer Films
com_cceba4c0,Donner/Shuler-Donner Productions
com_92740d36,Dorset Productions
com_42bee275,Double Dare You (DDY)
com_2d78621f,Double Feature Films
com_34c60700,Double Helix Films
com_d599c102,Double Nickel Entertainment
com_2300a0ea,Double Play
com_9079f4a3,Doug Liman Productions
com_e52a59c7,Dovemead Films
com_a534d773,Dow Jazz Films
com_3e0a2f65,Dream Factory Group
com_67fe9c89,DreamWorks
com_9755ac3d,DreamWorks Animation
com_02423f2e,Dreamlab
com_125f6b3b,Dreamworks Pictures
com_45efd81b,Dreyfuss / James Productions
com_1006d517,Dualstar Productions
com_e37db3b0,Duffy Films
com_8accae46,Dune Entertainment
com_444ca148,Dune Entertainment III
com_7989e174,Duplass Brothers Productions
com_b7e29270,EFTI
com_7ef49450,EM Media
com_1bb78a81,EMA Films
com_0c434d5c,EMI Films
com_508146ec,ERA International
com_da842523,ERBP
com_dbb92d26,ESX Entertainment
com_31e6e7d0,ETIC Films
com_2ffc9890,Eagle Associates.
com_92a778a5,Ealing Studios
com_1da5b8a6,East Asia Film Company
com_9d5a9a86,Easy Company
com_9f5d0bb3,Easy Money Associates
com_fa450e37,Eaves Movie Ranch
com_2b1e62fb,Echo Lake Entertainment
com_e9077a22,Eclectic Pictures
com_861d959c,Ecosse Films
com_0f9b3061,Eddie Murphy Productions
com_95707471,Eden Rock Media
com_01d49a88,Edgar J. Scherick Associates
com_a5003940,Edge City Productions
com_87b2d54c,Edie & Ely Landau Inc.
com_b36aa6d7,Edko Films
com_86f5c290,Edward R. Pressman Productions
com_894b1447,Edward S. Feldman Productions
com_2c3868e0,Efer Productions
com_d0855e7e,Egg Pictures
com_93e5162b,Egoli Tossell KLK
com_ed8e3fb4,Egoli Tossell Pictures
com_ce0031cc,Eikon Film
com_c7c3ad23,El Camino Pictures
com_57c4bfee,El Deseo
com_6b8d2960,El Mar Pictures
com_ac2989d9,Elara Pictures
com_a465f0b9,Electric City Entertainment
com_91053589,Electric Entertainment
com_5717c532,Electric Panda Entertainment
com_0622033e,Element Pictures
com_a8a3526a,Eleventh Street Production
com_0d883b81,Elle Driver
com_54e82abb,Ellinas Multimedia
com_af28f084,Elrina Investment
com_9644d511,Elysian Dreams
com_7c739d92,Embassy International Pictures
com_91606ad3,Embassy Pictures
com_656576fb,Embi Productions
com_40662598,Emmett/Furla/Oasis Films (EFO Films)
com_3a98003d,Emperor Multimedia Group (EMG)
com_e556d7ba,Emphatic Films
com_1cc5fd85,Empire Pictures
com_db29156a,Emshell Producers
com_a1b2acc2,Enchanter Entertainment
com_2483b93c,Enchantment Films Inc.
com_33253121,Encino Man Productions
com_f11c28a7,End Cue
com_d821ce9b,Enderby Entertainment
com_bd9db565,Endgame Entertainment
com_85da2426,Engelberg-Sumner-Cheikes
com_92e0683c,Engine Film
com_2a5f77d6,Englander Productions
com_15410409,Enigma Productions
com_fd8053b2,Enlightenment Productions
com_a3cf75cb,Entertainment Events
com_2d36947e,Entertainment Film Distributors
com_a4c9b5b5,Entertainment Manufacturing Company
com_a1cb2e42,Entertainment One
com_5f0d246f,Entertainment Studios Motion Pictures
com_415a83d9,Enticing Entertainment
com_c27f60ef,Envision Media Arts
com_acd1f9ec,Eon Productions
com_b162c5fc,Epic Level Entertainment
com_f0116e40,Epic Productions
com_4b6e1030,Epsilon Motion Pictures
com_7b053be3,Erato Films
com_aa712bc0,Eros Worldwide
com_c0797c4d,Erre Produzioni
com_074c5873,Escalante Productions
com_cb1f2f44,Escape Artists
com_f6908d69,Esparza
com_94c2770a,Esperanto Filmoj
com_78344a10,Esperanza Films Inc.
com_2e5838ab,Estudios Churubusco Azteca S.A.
com_6a8e6607,Estudios Picasso
com_8e67d1c7,Etalon Film
com_4ca98ffc,Euforia Film
com_2359fec4,Eulogy Productions LLC
com_928eabee,Eurasia Investments
com_3cad56a6,Eureka Pictures
com_2854ea84,EuropaCorp
com_6f699130,Evenstar Films
com_ff428a34,Evergreen Film Company
com_de24ad34,Everyman Pictures
com_3750a87c,Everything Is Everything
com_c709f305,Evolution Entertainment
com_8f093f84,Excel Entertainment
com_cb40909a,Excelsior Film-TV
com_c64399a2,Exclusive Films
com_08f219d7,Exclusive Media Group
com_7f6b7d20,Extra Large Pictures
com_75972168,F.F. Associates
com_15e87d12,F/M
com_fe5c3684,F2
com_157c0ffa,FAI Films
com_416a913b,FGM Entertainment
com_38643818,FIT Productions
com_73aeef31,FM Entertainment
com_270843d1,FM Entertainment International N.V.
com_4039972d,FTM Productions
com_01b14a74,FX Sound
com_a786af2e,Fabula
com_372b47a9,Fade In Films
com_a677021d,Fade to Black Productions
com_cd3c9c27,Fairview Entertainment
com_7ebb8011,Fairway Films
com_45fbc319,FaithStep Films
com_aa901d44,Falcon International Productions
com_c5cce71b,Faliro House Productions
com_3605d205,Fallingcloud
com_18d0ff1b,Fandango
com_76888354,Fantefilm
com_d5048784,Far West
com_c6d19d0c,Farabi Cinema Foundation
com_d9f0b5e1,Fast Films
com_4c3d46b3,Fear and Loathing LLC
com_49d37fd5,Fear of God Films
com_440a008d,Feature Film Enterprise II
com_9c00a4df,Fermion Films
com_974aa9f6,Ferndale Films
com_76d262ed,Fewlas Entertainment
com_ccead4f9,Fickle Fish Films
com_c3f11f42,Fiction
com_a39c6715,Fidélité Films
com_c5679a22,Fidélité Productions
com_afc8f1f9,Field Guide Films
com_03278bc1,Fifteen
com_ff996a76,Fifth Avenue Entertainment
com_fb852864,Figment Films
com_0f2c179d,Film 4
com_54569687,Film 44
com_c0936fa0,Film Afrika Worldwide
com_26190fb5,Film Andes S.A.
com_68a10d73,Film Capital Stockholm
com_de1e9374,Film Corporation of Kenya
com_4cbedd12,Film Finance
com_8c8ffb9e,Film Four International
com_fa816da8,Film Kraft
com_4f097bbc,Film Par Film
com_65b1b0f9,Film Partner International
com_5cd78336,Film Poland Productions
com_4a9bbe81,Film Science
com_4de352f5,Film Victoria
com_a5c81d17,Film Workshop
com_07c0492a,Film i Väst
com_1d6d455d,Film4
com_95be89c9,FilmColony
com_671d4889,FilmDistrict
com_cff7a94d,FilmFour
com_d3973181,FilmNation Entertainment
com_50161ed5,Filmation Associates
com_4ce2c4ac,Filmauro
com_da023f69,Filmax
com_6e6d8ffc,Filmax Entertainment
com_2ee93abd,Filmax Group
com_fa25b8f8,Filmax International
com_d14f2128,Filmgalerie 451
com_8aa9c223,Filmhaus
com_b60f9c96,Filmkameratene A/S
com_664190d3,Filmline Productions
com_99b4095e,Filmmaker R&K
com_f3c812c1,Filmplan International
com_983ebdec,Films & Casting Temple Pvt. Ltd. Sydney
com_ff4a413d,Films A2
com_cbf24d14,Films RSL
com_d0f70862,Films de L'Alma
com_57e06bcd,Filmtown Entertainment
com_fe4e1fb2,Filmtre
com_48074d05,Filmtrex
com_7cfef9c7,Filmverlag der Autoren
com_651eb531,Filmways Pictures
com_a68e4285,Fine Line Features
com_ce7ecf42,Fineworks
com_3705299d,Fingerprint Releasing
com_120dfb5d,Finnegan/Pinchuk Productions
com_1d7749d8,Fireworks Pictures
com_9cac3735,First Light Production
com_20d4c39b,First Look International
com_2911cb39,First Millenium Partnership
com_4d76dd5d,First Sun
com_df10cdde,Firsttake Entertainment
com_6e5a842a,Flach Film
com_7fcf6901,Flan de Coco Films
com_68b399fb,Flashlight Films
com_f8caeb8e,Fluidity Films
com_f5f61787,Flying Heart Films
com_2b33fd6c,Focus Features
com_2266c9a5,Focus Puller Inc.
com_37389583,Focus World
com_00fb6e9a,Fogwood Films
com_97cff8c5,Follow Through Productions
com_601fcaae,Fons Rademakers Produktie
com_d8248061,Forager Films
com_d2690988,Force Productions
com_604f3826,Forecast Pictures
com_44e2d535,Forensic Films
com_5994d99f,Foresight Unlimited
com_2ab2b2d1,Forest Whitaker's Significant Productions
com_60f97a9f,Forge
com_a5b7d047,Fortis Films
com_83b93270,FortyFour Studios
com_ba701fa7,Forum Sarajevo
com_49fe4a40,Forward Pass
com_4a7e198f,Four Seasons Partnership
com_99aba22c,Fourth Protocol
com_fe3af10d,Fox 2000 Pictures
com_90679725,Fox Atomic
com_ffcb0f1e,Fox Run Productions Inc.
com_eff5925f,Fox STAR Studios
com_8adcdc8b,Fox Searchlight Pictures
com_fd800aac,France 3 Cinéma
com_1075eaeb,Franchise Pictures
com_0aefbfe9,Frank Yablans Presentations
com_1288fab8,Freddie Fields Productions
com_16ba3b12,Freedom Media
com_fc597554,Frenesy Film Company
com_4b63e4f6,Fringe Dwellers Productions
com_84d3200b,Front Films
com_287367f8,Fu Works
com_4d0d5a3a,Fuego Films
com_04b2c6d3,Fugitive TV Productions
com_e57fe66e,Fuji Television Network
com_65a1a488,Full Crew/Say Yea
com_f74dc632,Fuller Films
com_d1bf474f,Fulvia Film
com_43b855b2,Funny Boy Films
com_e8c432cb,Fuzzy Bunny Films (I)
com_241f3708,G-BASE
com_70083cc2,G4 Productions
com_9af3a2bd,GGG
com_bb37f9a9,GH Pictures
com_1a2ce9ae,GK Films
com_6d07f075,GMT Productions
com_dddb69f4,GP Pictures
com_a153ef4a,Gail Katz Productions
com_a9f62870,Gainax
com_16163bb9,Gallery Films
com_f891d6f3,Gamechanger Films
com_ba32782f,Gary Kurfirst Pictures
com_0937b703,Gary Sanchez Productions
com_a7095a7e,Gary Sherman Productions
com_d4384782,Gato Negro Films
com_4cd13788,Gaumont
com_ef82ed67,Gaumont International
com_5044e94b,Gaylord Productions
com_08b427bc,Geechee Girls
com_c1bd7ca7,Geetha Arts
com_c3221817,Geffen Pictures
com_93dacbd6,Gemini Films
com_6bba0751,Genre Films
com_ac1c5331,George Films
com_d6620de4,Georgetown Productions Inc.
com_6e370a55,Georgian-Film
com_37e47d2f,Ghost House Pictures
com_af8f776d,Ghoulardi Film Company
com_c1ab8f18,Gibraltar Entertainment
com_5c928cfa,Gilbert Films
com_13a7b34c,Give Me Liberty
com_6ac7a46d,Gladden Entertainment
com_c28f96b0,Glass Eye Pix
com_1dddc56b,Glen Echo Entertainment
com_6504d02b,Gloria Sanchez Productions
com_ba1f59ff,Go Films
com_857ddc2e,Goalpost Pictures
com_c580043f,Goddard Textiles
com_9d749b06,Golan-Globus Productions
com_39baed99,Golar Productions
com_177d08d2,Gold Circle Films
com_a329d17c,Gold Pine Productions
com_0e5cd83b,GoldDay
com_509aafe3,Goldcrest Films International
com_d263b5fc,Goldcrest Pictures
com_e5fe52cb,Golden Harvest Company
com_e75c16e6,Golden Way Films Ltd.
com_bc928cce,Goldwyn Films
com_d9e444e4,Gomillion Studios
com_e83615b0,Good Dog Productions LLC
com_3491819c,Good Film Company
com_2634f2eb,Good Machine
com_63cae6e7,Good Universe
com_65780c4d,Goodspeed Productions
com_1b7de6d7,Googly Films
com_e5f7a132,Gordon Company
com_b2baaef2,Gotham Group
com_68727d15,Grace
com_897af550,Gracie Films
com_522c2ce0,Gramercy Pictures (I)
com_76d294d0,Gran Via Productions
com_0cb07ad6,Granada Television
com_88e081dd,Grand Highway Productions
com_dbe8e0dd,Grand Slam Productions
com_6b80aa85,Gravier Productions
com_517fa3bc,Gray City
com_9a335009,Gray Daisy Films
com_9edcad33,Great American Films Limited Partnership
com_1c50dd74,Greater Productions
com_29fab5ca,Greek Film Center
com_c6610670,Green Fish Pictures
com_f5ec609d,Green Hat Films
com_ae9e240b,Green Parrot
com_2b3afef7,Green Umbrella Ltd.
com_f3157006,Green/Renzi
com_cefdff73,GreeneStreet Films
com_c9f9080e,Greenleaf Productions
com_29beea9d,Greentree
com_70fc37d7,Greenwich Film Productions
com_8e310a47,Greisman Productions
com_f7eeec0c,Griffon Productions
com_59e88316,"Grisbi Productions, Le"
com_29f156cc,Groundswell Productions
com_46a971ef,Growing Tree Productions
com_1d65e196,Gruskoff/Levy Company
com_52df3a03,Guardian Trust Company
com_79792571,Guber-Peters Company
com_3352be9c,Guild
com_e282cc70,Gulfstream Pictures
com_4d95eff7,Gullane Pictures
com_9b2edbd8,Gurian Entertainment
com_ea7372bc,Guys Upstairs
com_366f9062,H.I.T. Films
com_9762ce8f,HB Filmes
com_7e27ed4b,HBO Films
com_b54b2b33,HBO Pictures
com_ee6cc1fc,HDNet Films
com_a0814aab,HK Film Corporation
com_2be8fe7e,HSX Films
com_a74905d0,Hachette Première
com_c921f4a7,Haft Entertainment
com_324ee0ed,Haishang Films
com_a210ef32,Hal Roach Studios
com_f37f77a9,Halloween VI Productions
com_cbee4394,Hammer & Tongs
com_19d9836f,Hammerhead Productions
com_87d67def,HanWay Films
com_bb76ce72,HandMade Films
com_19c868d3,Handful of Dust
com_4cf23f00,Handprint Entertainment
com_f2613707,Hanna-Barbera Productions
com_29b57b86,Happy Madison Productions
com_b4d516e9,Harold Robbins International Company
com_71de3bb6,Harpo Films
com_cd2251ca,Hart Sharp Entertainment
com_ddfcc74d,Hartbeat Productions
com_25821f68,Haruki Kadokawa Films
com_e7adcc46,Harvest Filmworks
com_6d311e5d,Hasbro
com_14f9a2d2,Haut et Court
com_590a463e,Have No Fear Productions
com_998e35d4,Havoc
com_a17aebdc,Hawn / Sylbert Movie Company
com_5c5e3c2c,Haxan Films
com_813990bb,Headline Pictures
com_a0ef6eeb,Heat GBR
com_0bafaf82,Hell's Kitchen Films
com_3db58bba,Hemdale
com_3cb3f8ce,Henson Associates (HA)
com_8330961f,Herb Jaffe
com_e2448a22,Hermetof Pictures
com_3f7aa3f7,Hero Entertainment
com_f0e3e14b,Heron Communications
com_9ac8fe32,Heron Productions
com_336df12b,Herrick Entertainment
com_a76244c6,Heyday Films
com_20b7a5d5,Hibiscus Films
com_d3a53ffa,Hickmar Productions
com_b4b46aa5,Hicktown Entertainment
com_257c77ed,Hidden Empire Film Group (HEFG)
com_3cc93207,High Bar Productions
com_c31be3a2,High School Sweethearts
com_e6d7e92e,Hill/Rosenman
com_554559d2,Historias Cinematograficas Cinemania
com_8cfe4350,Hivemind
com_5d621043,Hollywood Licensing Group
com_0f0ffbb3,Hollywood Pictures
com_b085561c,Home Box Office (HBO)
com_9cfad06d,Hoot Productions LLC
com_342e8aef,Hopscotch Features
com_761e4236,House & Moorhouse Films
com_52bf40e0,House Row Productions
com_a1e38e9d,Houston King Productions
com_b92a52d4,Huayi Brothers
com_b2d767d6,Huayi Brothers Media
com_192cef4a,Huayi Brothers Pictures
com_1f02d1c8,Hughes Entertainment
com_794fa174,Hugo Productions
com_643fd8fe,Huit et Demi Productions
com_301a28a6,Human Stew Factory
com_2f642681,Hungarofilm
com_c84d07d2,Hunter Killer Productions
com_acae8f10,Hunting Lane Films
com_eeba0373,Hurwitz Creative
com_8f3f0f1f,Hyde Park Entertainment
com_236410e2,Hydraulx
com_78e54636,Hyperion Pictures
com_9388e15a,IAC Films
com_79288456,IFC Films
com_a893472d,IFC Productions
com_2988d957,IM Global
com_7c127b08,IMF Internationale Medien und Film GmbH & Co. 2. Produktions KG
com_cc9ea224,IMF Internationale Medien und Film GmbH & Co. Produktions KG
com_9756274c,IPC Films
com_832e4ec0,IRS Media
com_0983a893,ITC Films
com_3d9455b0,ITM Productions
com_fb054bf7,Iberville Productions
com_a062e1d8,Ibid Filmworks
com_377f46b4,Icon Entertainment International
com_91248f01,Icon Productions
com_a5f7b79e,Iconoclast
com_1cb4e984,Illumination Entertainment
com_67240184,Image Comics
com_301df5c9,Image Organization
com_cbc8e379,Imagi Animation Studios
com_50a04ac4,Imagine Entertainment
com_0d5edc81,Imagine Films Entertainment
com_750460d9,Imperative Entertainment
com_a7dc56f3,Imperial Entertainment
com_3ad1fa00,Imperial Entertainment Corporation
com_8c6cdec7,In The Bag Productions
com_a2ab66d5,In-Cine Compañía Industrial Cinematográfica
com_6af0f79a,In-Gear Film
com_ef3289bf,In-Gear Film Production
com_139fcc08,Incentive Filmed Entertainment
com_2ad3bf2a,Incorporated Television Company (ITC)
com_9a8f3934,Independent Film Centre
com_b0584e43,Independent Pictures (II)
com_edcd9ca7,India Take One Productions
com_bb73ae50,Indian Paintbrush
com_d9cadf4e,Indiana Production
com_db77637c,IndieProd Company Productions
com_6eee1cca,Indigo Film
com_478f1bf9,Industry Entertainment
com_998e125c,Inferno Distribution
com_dbd5a58b,Infinity Features Entertainment
com_a959b14f,Infinity Films
com_3b5fddac,Informant Media
com_a9e7c44e,Initial Entertainment Group (IEG)
com_9dd2f94c,Initial Film and Television
com_bcecd054,Initial Films
com_23da6c94,Initial Pictures
com_52505f05,Innovisions
com_4bb03ab2,Insurge Pictures
com_255d2355,Intermedia
com_105f155e,Intermedia Films
com_3b277440,International Cinema
com_4db62944,International Cinema Corporation (ICC)
com_185bd01b,International Film Investors
com_2a662479,International West Pictures (IWP)
com_8a9f922d,Interscope Communications
com_243d0aea,Intrepid Pictures
com_81fa65d9,Intrinsic Value Films
com_749eeb34,Ipso Facto Productions
com_654faed3,Irish Screen
com_7383af2c,Iron Horse Entertainment (II)
com_682d6eb9,Ironbark Films
com_4f1e19ba,Island Pictures
com_a2c559d7,Island World
com_62a1c209,It's a Laugh Productions
com_8f90863e,Itami Productions
com_8f888046,Item 7
com_3d733099,Ivory Way Productions
com_9e5eab50,Ixtlan
com_d437dcc5,J & M
com_0f44f9f6,J&M Entertainment
com_ba21f86d,JD Productions
com_21e72e5e,JDI Productions
com_b0eee3f9,JF Productions
com_4d44c162,JLT Productions
com_8376f4b5,JVC Entertainment Networks
com_a045564a,Jack Giarraputo Productions
com_c0380440,Jack Rollins & Charles H. Joffe Productions
com_0d54ac6c,"Jackson/McHenry Company,The"
com_08a564c6,Jaffe-Lansing
com_c7577b99,Jaffilms
com_9b263d09,James Glickenhaus
com_42348919,Jaquet
com_5ddaf2f8,Jascat
com_1d5285af,Jasmine Productions Inc.
com_6763cf14,Jay Weston Productions
com_cd9cf0dc,Jennie and Company
com_673f8e9e,Jensen Farley Pictures
com_7c6525ec,Jerry Bruckheimer Films
com_a0ad05fa,Jersey Films
com_99d1cc1d,Jet Tone Production
com_42e3ea66,Jethro Films Production
com_ab7b7324,Jhoom Jhoom Productions
com_9cbdbbd9,Jim Henson Pictures
com_6acf41d1,Joe Wizan/Todd Black
com_76598038,Joe's Daughter
com_58b676e5,Joel Castleberg Productions
com_30e44fef,John Davis
com_01339b6f,John Wells Productions
com_7c47c5db,Jolie Pas
com_e55e20d5,Jolly Russell Productions
com_4b1afa8e,Jon Shestack Productions
com_68b2a06b,Jones Entertainment Group
com_03e73088,Joseph S. Vecchio Entertainment
com_fdcb8a0b,Josephson Entertainment
com_740ef614,Julian Marsh Pictures
com_c4b3beb2,June Pictures
com_c04eb5ec,Junebug Movie
com_d2871fdc,Junglee Pictures
com_48b6e662,Juniper Films
com_03ff2c4f,Juno Pix
com_48a2a20e,K.G. Productions
com_ecec112e,K5 International
com_6256f67d,KB Erik the Viking
com_ed163cee,Kaltenbach Pictures
com_6e8e4171,Kang Je-Kyu Film Co. Ltd.
com_ce2f650b,Kanun parvaresh fekri
com_94ce4396,Karbo Vantas Entertainment
com_8e303805,Kasdan Pictures
com_5fefe8fa,Katzka
com_acf1d205,Keep Your Head
com_417eaf12,Kennedy Miller Productions
com_38df4384,Kevin Downes Productions
com_6c909a21,KeyEast
com_9a19cda4,Kick the Machine
com_ec4d552e,Killer Films
com_ea0dd646,Kim Ki-Duk Film
com_827833d4,Kindred Limited Partnership
com_6f422116,Kings Road Entertainment
com_59a06964,Kingsgate Films
com_889d9a4d,Kingsmere Properties
com_4ef635e7,Kino Korsakoff
com_80a0db33,Kintop Pictures
com_4a3643c3,Klasky-Csupo
com_dcb9b8e4,Knickerbocker Films
com_f4b638ad,Knock Films A.V.V.
com_214dfc2b,Koch Company
com_fb29bb4a,Kodiak Films
com_07315afd,Kolipoki Pictures
com_b2cc3e6f,Komplizen Film
com_ede4e02d,Konrad Pictures
com_3b8954b6,Kopelson Entertainment
com_a65c4220,Korea Pictures
com_09d5955d,Kouf/Bigelow Productions
com_dbb2d4d6,Kramer & Sigman Films
com_40df4592,Krasnow Productions
com_622294f8,Krisjair
com_f2bbb6ec,Kudos Film and Television
com_cdac22a4,Kuzui Enterprises
com_7e63c1d3,Kyta Productions
com_4303b867,Kôdansha
com_206b1363,L.A. Films
com_0f72bbad,L.P. Film
com_0bf88a17,LBI Productions
com_74a7bd22,LD Entertainment
com_49c9eb70,LStar Capital
com_7a4b0b04,La Cecilia
com_c8bc1aa9,La Petite Reine
com_a63d29e2,La Sept-Arte
com_944a5817,Ladbroke
com_515625b8,Ladybugs
com_5917f404,Lagniappe Films
com_a3cbb83e,Lago Film
com_41618359,Lake (Comfort and Joy)
com_cf406c8a,Lakeshore Entertainment
com_42221496,Lakeshore International
com_a3ff34da,Lambart Productions
com_81359d77,Lancaster Gate
com_cab7783d,Lantana
com_d2b7dd12,Lantana Productions
com_4f88f03f,Laokoon Filmgroup
com_fb22c246,Larco Productions
com_821fbba8,Larger Than Life Productions
com_3f382585,Largo Entertainment
com_618d6d78,Largo International N.V.
com_c360e6c4,Last Holiday Productions
com_e055427e,Laughing Kookaburra Productions
com_2eb9b646,Laurence Mark Productions
com_d587168e,Laurenfilm
com_bbfcb678,Lava Bear Films
com_dde8297d,Lawrence Gordon Productions
com_20cb99d9,Le Studio Canal+
com_813f6988,Lee Daniels Entertainment
com_4ca73dc9,Lee Mendelson Film Productions
com_56c170a5,Lee Rich Productions
com_f62224c7,Leeds/Ben-Ami Productions
com_7e48988d,Left Turn Films
com_9cfd1ccb,Legend Production Company
com_c2dde4d4,Legend3D
com_6f72d989,Legendary East
com_e49b3be8,Legendary Entertainment
com_62b2149e,Leisure Investment Company
com_a06df84d,Les Armateurs
com_85d5614d,Les Artistes Anonymes
com_ca89e2e7,Les Compagnons du Cinéma
com_63e4bee1,Les Films 13
com_e6598a36,Les Films 21
com_3c93df4f,Les Films Alain Sarde
com_898a84e1,Les Films Christian Fechner
com_acf77c36,Les Films Galaxie
com_5786d950,Les Films Paul Grimault
com_60fc887d,Les Films Plain Chant
com_10cdd82a,Les Films Séville
com_b35969e2,Les Films de Pierre
com_cfc3471c,Les Films de la Tour
com_726d554e,Les Films du Fleuve
com_84d7a761,Les Films du Lendemain
com_41896594,Les Films du Losange
com_38a2a8e5,Les Films du Loup
com_7eae0780,Les Productions Lazennec
com_0ad6e552,Les Productions Mutuelles Ltée
com_da699a09,Levins-Henenlotter
com_ccf4203a,Lewitt / Eberts Productions
com_a844be92,LightWave Entertainment
com_155087d7,Lightning Pictures
com_9928c678,Lightning Ridge
com_ce205400,Lightstorm Entertainment
com_e9c3e8c3,Lightyear Entertainment
com_add58738,Lija Productions
com_39e2402a,Likely Story
com_ef15f8de,Lilies Films
com_e06e5757,Limelight Productions (II)
com_b6e96414,Lions Gate Entertainment
com_3cbf7bfd,Lions Gate Films
com_09622493,Lionsgate
com_89df0f73,Little Bear
com_503b1892,Little Stranger
com_905e31c5,Little Tokyo Productions
com_00c3aebe,Live Entertainment
com_cd032f88,LivePlanet
com_35613832,Lleju Productions
com_2cc7ff4e,Lodestar Productions
com_f6fbab91,Lolafilms
com_c9eaa0b0,London Weekend Television (LWT)
com_6c95adc9,Longview Entertainment
com_154ea1a4,Lorimar Film Entertainment
com_63ca8e2a,Lorimar Film Partners
com_c1e95995,Lorimar Motion Pictures
com_bc1292d7,Lorimar Productions
com_f183b79a,Los Angeles Media Fund (LAMF)
com_3b46b564,Lost Soul Productions
com_61fae811,Louisiana Producers Film Source
com_30247771,Lucamar Productions
com_e9385eb6,Lucasfilm
com_14805199,Lucasfilm Animation
com_5637acef,Lucille Ball Productions
com_3003add8,Lucky Monkey Pictures
com_eeeb3ec1,Lumiere Pictures
com_175fc1d0,Lumière Pictures
com_d3a0c27d,Luna Films
com_4d51aac2,Lupo-Anthony-Quintano Productions
com_3186f1ba,Lutzus-Brown
com_0c709207,Luv Films
com_22a867e1,Lyla Films
com_f70008a7,Lynda Obst Productions
com_655c44e0,Lynn-Davis Productions
com_26ca2109,Légende Films
com_d35d84ee,M&M Productions
com_0e5f0946,M.E.S. Productions
com_26596b1b,M3 Alliance
com_b5a9da0a,MBP (Germany)
com_5554f0e0,MDP Worldwide
com_ab1e2eb3,MEDIA Programme of the European Union
com_f8a8f28e,MFF Feature Film Productions
com_bc80525b,MGM Family Entertainment
com_69d3a38e,MK2 Productions
com_ddc8612b,MPI Media Group
com_a7353fcc,MPL Communications
com_4604a7a2,MTM Enterprises
com_59bfbf68,MTV Films
com_5ddb96f8,MWM Studios
com_9901eaf4,Mac and Me Joint Venture
com_be9b227b,MacGuffin Pictures
com_06a342a8,Macari/Edelstein
com_5c308fbf,Mace Neufeld Productions
com_e71d5fb1,Maddock Films
com_b565f58c,Madhouse
com_a1450a0e,Magic Light Pictures
com_6b828088,Magnet Releasing
com_641aacd6,Magnolia Filmproduktion
com_8ba8a1e1,Magnolia Pictures
com_98928416,Magnum Pictures Inc.
com_df7c4987,Magnus Films
com_5270bf33,Mainline Pictures
com_de0389da,Majestic Films International
com_297d17c5,Major Studio Partners
com_1866ba06,Maljack Productions
com_21c143b3,Malofilm
com_1e5c4d91,Malpaso Productions
com_b916135b,Management Company Entertainment Group (MCEG)
com_433c57a5,Mandalay Entertainment
com_2288b5f8,Mandalay Pictures
com_074b0a64,Mandalay Vision
com_92dc41f0,Mandarin Films
com_f3e496f8,Mandate Pictures
com_883787da,Mandeville Films
com_2e834829,Manfred Durniok Filmproduktion
com_ac1ef4c7,Manhattan Pictures International
com_cd9ca528,Manic LLC
com_341d85df,Mann/Caan Productions
com_13431fba,Mantarraya Producciones
com_b5145d45,Marble Hall
com_9910cf32,Marcy Media
com_20d58fbe,Marimark Productions
com_44a9c1c8,Marked Entertainment
com_4a94e14b,Marquis
com_610658be,Marv Films
com_e55d9de8,Marvel Enterprises
com_eebc5305,Marvel Entertainment
com_0dd58108,Marvel Studios
com_e3a45d28,Matchbox Pictures
com_d92a8333,Material
com_b335c0f0,Material Pictures
com_fa778c21,Matten Productions
com_ee0a92ee,Maven Pictures
com_075630cf,Max Films Productions
com_f6d03baf,Maybach Film Productions
com_99f9f98d,Mayfair Entertainment International
com_c93c92ce,Mayhem Pictures
com_1a2f46b5,McFarlane Films
com_95982333,Media 8 Entertainment
com_5a49730d,Media Asia Films
com_33caecce,Media Pro Pictures
com_42785d51,Media Rights Capital (MRC)
com_eb9edaa8,Media Ventures
com_d8274f0a,Mediapro
com_60a07bb2,Mediaset España
com_e5751ef5,Medusa Film
com_b9dc268d,Meir Teper
com_787a34b2,Melampo Cinematografica
com_e752ea25,Meltdown Productions
com_8eba2503,Melvin Simon Productions
com_27843d03,Memento Films Production
com_dc5e8d38,Memfis Film
com_d981315a,Menageatroz
com_da7c0c75,Menuet Producties
com_8878a3cc,Mepris Films
com_42732ba7,Merchant Ivory Productions
com_695bdaed,Meta Film Stockholm
com_a42c0748,Metafilms
com_f09afc39,Metro-Goldwyn-Mayer (MGM)
com_e1a26770,Metrocolor
com_0e8e9d10,Metropolitan Filmexport
com_13a9bf49,Mid Day Multimedia Limited
com_c1329270,Midwinter Productions Inc.
com_6e331315,Mighty Engine
com_78903653,Mike Lobell Productions
com_305afa6d,Milk & Media
com_2ecff75d,Milkshake Films
com_d946eb39,Millenium
com_18ad8664,Millennium Films
com_67d01ff0,Millennium Media
com_e568e0b9,Mimran Schur Pictures
com_507fd35e,Mindy Affrime
com_bc6cab40,Ministère de la Culture et de la Communication
com_2e861759,Mirabai Films
com_5d787327,Miracle Pictures
com_92e6c934,Mirage Enterprises
com_86e0ab22,Mirage Entertainment
com_066d8500,Mirage Films
com_e103835b,Miramax
com_881471b3,Mobra Films
com_47a74964,Mockingbird Pictures
com_000600a8,Mod Producciones
com_95eb9684,Modern Man Films
com_4d4b55f2,Monarch Pictures
com_c0762b65,Monarchy Enterprises B.V.
com_25f94bdc,Monkeypaw Productions
com_c74a5243,Monogatari
com_81e24bbc,Monsterfoot Productions
com_12299cd3,Moonlight Film
com_778f22ab,Moonstone Entertainment
com_ffbfbaf0,Mooz Films
com_f9b25f94,Morgan Creek Entertainment
com_522aa5a4,Morison Film Group
com_c40e46fc,"Morra, Brezner, Steinberg and Tenenbaum Entertainment (MBST)"
com_2252d763,Mosaic
com_35b6ee6e,Mosfilm
com_612328fa,Motion Picture Corporation of America (MPCA)
com_3264431a,Motlys
com_e5db6fb0,Mott Street Pictures
com_01501f19,Movie Partners
com_6a73eee0,Moviola Film och Television AB
com_1dd2aa61,Movision
com_ba98e404,Mrs. White's Productions
com_0e24b506,Mulberry Square Productions
com_fc104c04,Mulholland Productions
com_f2baa779,Mundy Lane Entertainment
com_4a735e00,Muse Productions
com_54b7dbe7,Mutual Film Company
com_9fc056d8,Myriad Pictures
com_0ff00cd9,Mystery Clock Cinema
com_07110f34,Myung Film Company Ltd.
com_85b8c7d1,NBC Film
com_1ba39274,NBC Productions
com_0a7a19cc,NDF International
com_f3c24cf6,NEO Motion Pictures
com_49936846,NFH Productions
com_2630ab82,NH Studioz
com_7cc40b0f,NPV Entertainment
com_5f002795,NVSH Productions
com_360fddf8,Nasser Group
com_f3b093aa,Natant
com_f2b7d4cd,National Broadcasting Company (NBC)
com_a56379b6,National Film Board of Canada (NFB)
com_a9516bad,National Film Trustee Company
com_bae62d3e,National Lampoon
com_c19fc391,Nelson Entertainment
com_4e843a24,Nelvana
com_58b0cf0e,Nest Family Entertainment
com_abeb0b2f,Neverending Media
com_9cfc31a4,New Amsterdam Entertainment
com_a4374b84,New Artists Alliance
com_f2a3b8e1,New Century Entertainment
com_e3662401,New Century Entertainment Corporation
com_b19d2e0e,New Horizons Picture
com_fe2e3801,New Line Cinema
com_1036ca25,New Oz Productions
com_e5fedb78,New Regency Productions
com_b52db321,New Sky Communications Inc.
com_b06ec8ae,New Visions
com_2c049f80,New Visions Pictures
com_60a42c6b,New World Entertainment Films
com_f03809d5,New World Pictures
com_957c181a,New Zealand Film Commission
com_ccad3b65,Newmarket Capital Group
com_b704295f,Next Entertainment
com_cfb09dfa,Next Entertainment World
com_dec894bc,Next Wave Films
com_5840723e,Nibariki
com_7e79060a,Nicholas Sparks Productions
com_d115a0be,Nicolas Entertainment
com_5462e3d8,Night Life Inc.
com_f29098af,Night and Day Pictures
com_2326f138,Nimbus Film Productions
com_b8148c6f,Nine Yards Two Productions
com_1263ff09,Nippon Television Network (NTV)
com_457e054d,No Frills Film Production
com_c923314d,No Matter Pictures
com_8ef52697,No Trace Camping
com_938c978c,Non-Stop Productions
com_ca0a8371,Nord-Ouest Films
com_5bd1f488,Nordisk Film
com_dc2d3b6e,Nordisk Film / SPRING
com_64c2e817,Nordisk Film Production Sverige AB
com_a12c91e6,Norman Twain Productions
com_9c0c3103,Norsk Film
com_c53c1289,North Street Films
com_622f75c6,Northern
com_83bf0dd4,Northern Lights Entertainment
com_b15652c9,Northern Lights Films
com_3841e59f,Notis Studio
com_9cefc7da,Nouvelles Éditions de Films (NEF)
com_35b787bc,Nova International Films
com_bfceae74,Novotny & Novotny Filmproduktion GmbH
com_84a341f3,Noé Productions
com_f754cfc7,Number 9 Films
com_d9a124a3,Numero Uno International
com_4b2b69fb,O Entertainment
com_887a94cb,O2 Filmes
com_e7d2f041,OLC / Rights Entertainment
com_8642e272,Occupant Entertainment
com_04bcdf84,October Films
com_efff072a,Odeon Films
com_c3bbd504,Odyssey
com_b27288b1,Olga Film
com_c9574c53,Olympus Pictures
com_bd8374da,Omega Entertainment
com_203bee75,Omega Project
com_e92f7074,Omnilab Media
com_d0169824,One Way Productions
com_7aeab549,Onyx Films
com_e2876afe,Open City Films
com_58ef753e,Open Road Films
com_4c100b20,Open Road Films (II)
com_15fd96a1,Opera Film (II)
com_7141c08c,Opera Film Produzione
com_3b188dbe,Opus Film
com_47bcf966,Oriental Light and Magic (OLM)
com_2475fcba,Origin Pictures
com_2323d366,Orion Pictures
com_ad081a3a,Oscilloscope
com_9c87fdc8,Osterman Weekend Associates
com_040b43e6,Out of the Blue... Entertainment
com_f9216a20,Outlaw Productions (I)
com_f4671412,Overbrook Entertainment
com_c0458deb,Overnight Films
com_2a766946,Overture Films
com_55eece99,Oxford Film Company
com_b8039d60,P2 Productions
com_1dfa1d42,PK 65 Films
com_bca28ba0,PVM Entertainment
com_dca54564,Pacific Western
com_8ac2cca6,Paco Cinematografica
com_1b8bed74,Paisley Park Films
com_1444b4f2,Palace Pictures
com_263118e6,Palla
com_e1a46f2d,PalmStar Media
com_b334137f,Palomar
com_1aad5f84,Pan Arts
com_9f6eac18,Pan Européenne
com_302edeb4,Pandora Cinema
com_0ffca4fc,Pandora Filmproduktion
com_87f16aef,Panorama
com_1c64c91b,Panorama Film A/S
com_8610ea56,Panorama Films
com_3e7d4783,Panorama Studios
com_dc322333,Pantelion Films
com_b4cf73cf,Papazian-Hirsch Entertainment International
com_4e58b841,Paper Street Films
com_3eced9cb,Paradis Films
com_a146289c,Paragon Arts International
com_0b118f24,Parallax Pictures
com_00259d14,Paramount Animation
com_aa4b456f,Paramount Classics
com_a75f1083,Paramount Pictures
com_f361ee54,Paramount Players
com_1f8605ea,Paramount Vantage
com_56838f7a,Paris Film
com_e30362b1,Parkes/Lasker productions
com_43d6113a,Parkway Productions
com_f4b433a6,Participant
com_4d7c8727,Partisan Productions
com_98c05e40,Parts and Labor
com_6db389ee,Party Productions
com_db8c2bdb,Pathé
com_2302f4a3,Pathé Entertainment
com_f0e885e5,Pathé Pictures International
com_76cb3d1c,Pathé Renn Productions
com_f7b240fa,Paulilu Productions
com_36fef6bf,Paulist Pictures
com_f1582de2,Peace Arch Entertainment Group
com_924904b1,Pedro Costa Producciones Cinematográficas
com_1596aab0,Pelemele Film
com_840134cd,Pelican Productions LLC (I)
com_65aa2c3d,Penta Entertainment
com_50ef45ea,Penta Films
com_1280d899,Penta Pictures
com_22d4510c,Per Holst Filmproduktion
com_8644ab7b,Percy Main
com_24bc5300,Perfect World Pictures
com_e85dbd92,Pergamon Film
com_5bf987ad,Permut Presentations
com_4f6a98fb,Peters Entertainment
com_25585962,Petit Film
com_99a02b2b,PfH Ltd.
com_a9012017,Pfeiffer/Blocker Production
com_5a0e204c,Phillips Whitehouse Productions
com_8ee71fa1,Phoenix Pictures
com_00d7fb33,Picture Palace North
com_054c8613,Picture Securities
com_d85fe7ff,Picturehouse
com_46290540,Pierpoline Films
com_33d164f7,Pierre Grise Productions
com_d040b506,Piki Films
com_478bd41c,Pine District Pictures
com_b73fa6e8,Pine House Film
com_ebbc3a3f,Pioneer LDC
com_8dc51ab4,Pirromount Pictures
com_c8d4d872,Pixar Animation Studios
com_fd00fd5e,Plan B Entertainment
com_7209b208,Planet Productions
com_53ce421d,Plattform Produktion
com_88448848,Play It Inc.
com_416aa9d2,Playhouse International Pictures
com_6163edab,Playtone
com_f7cb8a37,Plump Fiction LLC
com_53208445,Plunge Pictures LLC
com_e4e56cb5,Poetic License Production
com_63dd604e,Point Grey Pictures
com_af35ca74,Polar Entertainment
com_18df11e8,Police Academy Productions
com_fb450889,PolyGram Filmed Entertainment
com_129c456b,PolyGram Pictures
com_d36206a4,Polyc International BV
com_5c3eef59,Polygram Filmed Entertainment
com_869c0033,Polygram Pictures
com_7ad0fa9a,Ponty Up Pictures
com_67857d59,Pop Pop Productions
com_aa717a68,Pope Productions
com_aaa28594,Populist Pictures
com_d0aaffc2,Porchlight Films
com_3733d7df,Portman Entertainment Group
com_317b9d24,Portman Productions
com_d9c82f10,Portreeve
com_0f58a998,Prana Studios
com_4308cf9a,Preferred Content
com_e32ab040,Premiere Picture
com_ed0a8fdd,Pressman Film
com_7a193355,Pressman Productions
com_7357e1f1,Prettybird
com_3601146c,Price
com_448555c9,Price Entertainment
com_c1cde828,Primate Pictures
com_332cc2e0,Prime Film Productions LLC
com_b25f6698,Process Film
com_800047c9,Process Media
com_131f976d,Producers Representative Organization
com_336e2f5e,Producers Sales Organization (PSO)
com_afadea8b,Produzioni Europee Associate (PEA)
com_76f479ea,Prominent Features
com_8fa78003,Propaganda Films
com_7685594c,Prospero Pictures
com_e1400e0a,Protagonist Pictures
com_191d5b15,Proton Cinema
com_a75e7664,Protostar Pictures
com_d7dabaa3,Prowess Pictures
com_2b06dd41,Prufrock Pictures
com_0ad99a51,Pryor Entertainment
com_8eb863f6,Pt. Merantau Films
com_889b4335,Punch 21 Productions
com_4abbd554,Pure Flix Productions
com_f5af8bf8,Purple Pictures
com_b1ffc86c,Pyramania
com_4dca437e,Pyramide Productions
com_da278ef0,Q Productions
com_608c8c64,Quad Productions
com_595e446d,Quat'sous Films
com_0920aec4,Quinta Communications
com_908a95f2,Qwerty Films
com_78da8c37,R&R Films
com_1b64a672,R.P. Productions
com_f598946e,RADiUS-TWC
com_f8fb9834,RAI Radiotelevisione Italiana
com_0be50d28,RKO Pictures
com_e571f4cc,ROMP
com_b2c08ff7,Raajkamal Films International
com_164cc300,Racing Pictures
com_cc7d7c8a,Raffaella De Laurentiis Productions
com_1e1f978d,Raffaella Productions
com_6ad178ba,Rai 2
com_d8d69e89,Raindog Films
com_209a2526,Rainforest Films
com_38bb3c25,Rajkumar Hirani Films
com_f6960f93,Rakeysh Omprakash Mehra Pictures
com_3c8267fe,Rakueisha
com_58487934,Rankin/Bass Productions
com_24acd88a,Rastar Films
com_8cb2e230,Rastar Pictures
com_4989c62a,Rastar Productions
com_3578e935,RatPac-Dune Entertainment
com_3b5d9911,Realitism Films
com_537cd30f,Recorded Picture Company (RPC)
com_7edd5d2a,Rectangle Productions
com_6b8826b4,Red Carpet Productions
com_e124d95d,Red Chillies Entertainment
com_7d163be8,Red Crown Productions
com_56f89658,Red Granite Pictures
com_d9506696,Red Hour Films
com_247b5d28,Redwave Films
com_2f8592cb,Reel FX Creative Studios
com_c85f0d38,Regency International Pictures
com_aed6e59a,Regina Ziegler Filmproduktion
com_b3a84654,Relativity Media
com_479dc799,Relevant Entertainment
com_9d310f32,Reliance Big Pictures
com_e87848a7,Religioso Primitiva
com_c217b2eb,Remember Films
com_38a8871f,Remstar Productions
com_cd360629,Ren Film
com_5df17a5e,Renaissance Films
com_63fef4e4,Renaissance Pictures
com_48ec548e,Renn Productions
com_99aaaffd,Rent Productions LLC
com_91b94336,Reprisal Films
com_7774a673,Republic Pictures (II)
com_ff14d048,Reteitalia
com_1e018069,Revelations Entertainment
com_c54cf392,Revolution Films
com_e4ef0143,Revolution Studios
com_376a558d,Rex Entertainment
com_25fdffa0,Rhino Films
com_5d9ead54,Rhombus Media
com_1576f042,Richard Williams Productions
com_334980ec,Richmond Light Horse Productions
com_9465d2ff,Riddick Canada Productions
com_07af6fa1,Rifkin-Eberts
com_f58a23dd,Rimfire Films
com_03782e76,River Road Entertainment
com_1873562a,River Road Productions
com_b61b4146,Riverside Pictures
com_8f5b379b,Road Movies Filmproduktion
com_db8b4611,Roadside Attractions
com_875bf144,Robert Simonds Productions
com_ae412534,Rogue
com_b7b698fe,Rogue Pictures
com_62d76461,Rohfilm
com_b687c35a,Rollercoaster Films
com_76aaf539,Romulus Entertainment
com_0ecd6303,Rondo Productions
com_c8ed0f6d,Rook Films
com_809260e8,Room 9 Entertainment
com_23ffc934,Rosa Filmes
com_3a4c81c8,Roth Films
com_88da48a6,Route One Entertainment
com_6af37807,Roxwell Films
com_d684597c,Ruby Films
com_802e927c,Rumbalara Films
com_6304cf54,Rustic Films
com_8775f01e,Rysher Entertainment
com_c1312539,S.F.P.C.
com_aa86553a,SBS Films
com_7cba9546,SBS Productions
com_114b03ff,SF Studios Production AB
com_fcdc011b,SLM Production Group
com_7c625804,SModcast Pictures
com_e2a5c2b8,STX Entertainment
com_39d38435,STX Films
com_eb1cd277,SVS Films
com_428b4fbd,SVT Drama
com_d8cdcca6,Saban Entertainment
com_60b57370,Sacher Film
com_3b23b034,Saga Productions Inc.
com_ce0711b6,Sahamongkol Film International
com_ff68d97c,Sahamongkolfilm Co.
com_b4a503ae,Sailor Bear
com_569a04f2,Salon Pictures
com_126e693d,Samson Productions Pty. Ltd.
com_d134dad1,Samuel Goldwyn Films
com_dc52eab9,Samuels Media
com_07f4e38b,Samuelson Productions
com_a877741f,Sanai Pictures
com_4120b958,Sandcastle 5 Productions
com_9b862bfe,Sandollar Productions
com_153dd055,Sands
com_aadd6fa9,Santa Fe International
com_5b47235b,Santa Monica Holdings
com_7881b0ca,Santo Domingo Film & Music Video
com_3afb48b1,Sarlui / Diamant
com_b8f5af44,Sascha-Verleih
com_1802fc54,Saturn Films
com_885a3ab6,Savage Productions
com_47f958dc,Savoy Pictures
com_937655a1,Scary Stuff
com_3e526e59,Sciarlò
com_0be00228,Scion Films
com_e3842729,Scott Free Productions
com_e65c4e0a,Scott Rudin Productions
com_a1ece5fd,Scotti Brothers Pictures (I)
com_c46e5117,Scottish Screen
com_fa2edf74,Screen Australia
com_49923a8e,Screen Gems
com_77e6f97f,Screen NSW
com_99bf534a,Seagal/Nasso Productions
com_d5f9b2c2,Seagoat Films
com_13833192,Sean S. Cunningham Films
com_9900fc9b,Seasonal Film Corporation
com_6b607a87,Sedic International
com_32660327,See-Saw Films
com_4604e48e,Semtex Films
com_d9df5c9f,SenArt Films
com_31343022,Senator Entertainment Co
com_7e732c10,Senator Film Produktion
com_7dea451d,Seraphim Films
com_19718d60,Serendipity Point Films
com_00563845,Seven Arts Pictures
com_eed17600,Seventh Avenue Films
com_e177448d,ShadowCatcher Entertainment
com_b271c168,Shangri-La Entertainment
com_c0a5b113,Shapiro-Glickenhaus Entertainment
com_8002d743,SharpSword Films
com_3014be71,Sheen Productions
com_0dc4dd2b,Sheinberg Productions
com_ecb0391c,Sherwood Productions
com_b83ab9a5,ShivHans Pictures
com_c91d655b,Shocking Bottle
com_c406ad3e,Shooting Gallery
com_67bff031,Show East
com_fef836c4,Shree Ashtavinayak Cine Vision
com_80068a66,Sidney Kimmel Entertainment
com_dbb8e8aa,Sidus FNH-Benex Cinema Fund 1
com_3289e979,Sidéral Productions
com_3ba0e40c,Sierra / Affinity
com_17fcdb51,Sigma Film Productions
com_c22f73ca,Sikhya Entertainment
com_2b611bb2,Silent Night Releasing Corporation
com_70084516,Silver Pictures
com_b30176d9,Silver Reel
com_1d7f0548,Silver Screen Partners II
com_a76634ca,Silver Screen Partners III
com_03c60ab2,Silver Screen Partners IV
com_72cc3c9e,Silver Sphere Corporation
com_c24ce036,Silverman Entertainment
com_2edf5790,Simcom Limited
com_6c8827b0,Siriol Productions
com_88cfa9e0,Six Entertainment
com_fee79032,Six Entertainment Company
com_616ca556,Sixteen Films
com_20827bb4,Sixty-Six Pictures
com_97d0dc39,Skydance Media
com_c60cb8d1,Skyewiay
com_1f966cc2,Skypass Entertainment
com_8cb23c64,Skyscraper Films
com_242d160b,Slot Machine
com_df792f5c,Slough Pond
com_d62ea511,Snoot Entertainment
com_5774a386,SnowPiercer
com_232fdd65,Snowfort Pictures
com_d9c94a1e,Soapbox Films
com_8ad2d757,Softbank Ventures
com_6c4a587a,Sogepaq
com_aa13d768,Solana Films
com_0b3a7f6d,Solution Entertainment Group
com_32f6ab33,Some Film
com_f22a2e87,Sonet Film AB
com_7769bc45,Sony Pictures Animation
com_203c0736,Sony Pictures Classics
com_18bd2619,Sony Pictures Entertainment (SPE)
com_7f3ef81c,Sorcerer Productions
com_1aee70e2,South Pacific Pictures
com_9061700f,Sovereign Films (II)
com_cc0f1851,Sovereign Pictures
com_f686b87b,Space Rocket Nation
com_9034ec44,Spacegate Productions
com_b984338f,Sparkle Roll Media
com_bcfab7a2,Spectacle Entertainment Group
com_13a4100a,SpectreVision
com_0b6ee4f0,Spectrum Cinema Productions
com_b4cba4b7,Spinal Tap Prod.
com_2c5a0521,Spring Creek Productions
com_ba97d2ec,Spyglass Entertainment
com_7564da27,Square Visual Works Co. Ltd.
com_c28b6861,Stacey Testro International
com_f4c7e3e9,Stage 6 Films
com_1a05c1b8,Star Cinema
com_4f3bc04d,Star Overseas
com_bf8b3ccc,Star Thrower Entertainment
com_1119d1fa,State Street Pictures
com_d4e081f7,Steel Mill Pictures
com_e0ac1f7e,Stephen Friedman/Kings Road Productions
com_516030f7,Steve White Productions
com_6b765a37,Stone Group Pictures
com_813b58ed,Stoney Lake Entertainment
com_4a17b9e2,Storm Vision Entertainment
com_c3d856ea,Stratus Film Co.
com_57831b37,Strike Entertainment
com_71718716,Strong Heart/Demme Production
com_a4c58f8a,Strongman
com_1163403a,Studio 37
com_345cdb0f,Studio 4°C
com_57de54d7,Studio 8
com_f5f1b46b,Studio Ghibli
com_2a77d16c,Studio Hamburg Filmproduktion
com_19897181,Studio NuT
com_9bd806de,Studio Trite
com_6b6c6965,StudioCanal
com_3e8bba86,Stéphan Films
com_27714333,Suburban Pictures
com_8562e068,Subzero Film Entertainment
com_4440698d,Sumerian Films
com_80ded74a,Summit Entertainment
com_f9255e6a,Summit Premiere
com_4d4e035f,Sunbow Productions
com_f0adec78,Sunn Classic Pictures
com_4c889247,Sunrise
com_230d3b24,Sunshine
com_8f98808d,Superlative Films
com_6f7542da,Svensk Filmindustri (SF)
com_df1e06e0,Svenska Filminstitutet (SFI)
com_3d0196b6,Sweet Tea Pictures LLC
com_cd1a9e5d,Sweetland Films
com_df90902e,Sycamore Pictures
com_8b4d71bb,Symbolic Exchange
com_f97ddd56,Syncopy
com_487b63c0,TAFT Entertainment Pictures
com_6300452c,THINKFilm
com_c3d6ac90,TMS Entertainment
com_ac51e04b,TMS Pictures
com_a93919e6,TS Productions
com_509a3244,TSG Entertainment
com_b80a86d3,Tag Entertainment
com_e109506e,TaliaFilm II Productions
com_a6887131,Tapestry Films
com_d77b4818,Tartan Films
com_b719d76c,Tartan Productions
com_0df2b580,Temple Hill Entertainment
com_82a2d30f,Ternion Pictures
com_01259cbc,The American Film Company
com_3dd6fc4f,The Booking Office
com_74668dcc,The Cannon Group
com_bfe6e6e5,The Collective Studios
com_8e8f8c00,The Family Stone
com_904b5e5d,The Film Consortium
com_4ea19341,The Geffen Company
com_fd857e6d,The Guber-Peters Company
com_20f5faca,The Halcyon Company
com_e002c7b1,The Ink Factory
com_7e382a12,The Jerry Gross Organization
com_4236c604,The Kushner-Locke Company
com_07ee8ebf,The Lab of Madness
com_31b9ecb1,The Ladd Company
com_0df08715,The Lamp
com_46ab2307,The Last Picture Company
com_033322c5,The Malpaso Company
com_75df9977,The Mark Gordon Company
com_ba663525,The Mount Company
com_8ce8f401,The Mount Company (II)
com_bc63b4ff,The Movie Group
com_e962caf5,The National Hellenic Society
com_a7f50fd0,The Rank Organisation
com_bbd166aa,The Rejoycing Company
com_9a9b7097,The Romantic Venture
com_26213051,The Safran Company
com_6eb4f19e,The Samuel Goldwyn Company
com_dc7b5187,The Saul Zaentz Company
com_e3a16f7c,The South Australian Film Corporation
com_dfee72cc,The State Hermitage Museum
com_181637b1,The Tyler Perry Company
com_9b324bcd,The Ultimate Gift LLC
com_bdace777,The Vista Organisation
com_43f5256a,The Weinstein Company
com_a80c45cf,The Zanuck Company
com_0fac3ecc,Thelma Film AG
com_533b3a9f,They Are Going to Kill Us Productions
com_d3e46893,Thin Man Films
com_c210fb1b,This Is That Productions
com_598c2227,Thorn EMI Screen Entertainment
com_2bd2b563,Three Rivers Production
com_b8f71a5b,Tiberius Film Productions
com_05fdcbf4,Tig Productions
com_97e783bc,Tim Burton Productions
com_26ab58bd,Time Life Films
com_3b165b02,Titan Productions
com_a5f1bdd1,Toei Company
com_dd7aaf25,Toho Company
com_ba26210b,Toho Pictures
com_d2180f00,Tokuma Japan Communications
com_9d456a5e,Tokuma Shoten
com_07178c06,Tomboy Films
com_f83c17d7,Tomson Films
com_d5450ecc,Tonic Films
com_f49ef64b,Tonik Productions
com_07b97863,Too Askew Prod. Inc.
com_f776096c,Tornasol Films
com_ee896c3c,Total Recall
com_27363593,Touchstone Pictures
com_a71f666e,Touchwood Pacific Partners 1
com_3208e56f,Toy Fight Productions
com_22039c1d,Trademark Films
com_eb94ffbf,Trancas International Films
com_c7575317,Trans World Entertainment (TWE)
com_912f5906,Translux
com_8b52a3a2,Tre Vänner Produktion AB
com_7362794a,Treehouse Pictures
com_e3057112,Tri Star Productions
com_7b2f2582,TriStar Pictures
com_3b5f6a4e,TriStar Television
com_ed250734,Tribeca Productions
com_be9370a9,Trimark Pictures
com_dd281e58,Tristes Tropiques
com_f34b1cd0,Triumph Films
com_519a9007,Troma Entertainment
com_fb8def3b,True West Films
com_49e53d27,Truth Entertainment (II)
com_b33377de,Trésor Films
com_46a6b88d,Turner Pictures (I)
com_9fe3ea99,Twentieth Century Fox
com_b6d5a9b5,Twentieth Century Fox Animation
com_4fca6c22,Twisted Pictures
com_956e97cc,Two Flints
com_c42fc519,Two Prong Lesson
com_5f57ff7d,Two Ton Films
com_13a9ef77,Typhoon
com_7001916a,Téléma
com_85b9863b,UAA Films
com_cebf3f5d,UK Film Council
com_942f3b56,USA Films
com_29ed052d,UTV Motion Pictures
com_3c2d30dd,UTV Spotboy
com_de56fbf3,UV Creations
com_18fbfa8c,Ulrich Seidl Film Produktion GmbH
com_5dfba635,Ultra Muchos Productions
com_a689e97c,Underdog Productions
com_e708fcea,Union Générale Cinématographique (UGC)
com_7007a778,Unison Films
com_7157a585,United Artists
com_047a101a,United Artists Film Corporation
com_bb7a151a,United Artists Pictures
com_fba7c1df,United British Artists (UBA)
com_cffcd7f2,United Channel Movies
com_ab7e8b45,United Film Distribution Company (UFDC)
com_163ec60c,Unity Pictures
com_1f13f3ff,Unity Productions
com_8255e750,Universal City Studios
com_f1be0245,Universal Pictures
com_d160f7e9,Universal Pictures International (UPI)
com_445d41cd,Unplanned Movie
com_96d37b05,Upside Down Films
com_f46ff264,VAE Productions
com_0591fe3f,Vanguard Films and Animation
com_49601b79,Varahonar Company
com_62405fc3,Vega Film
com_2449be9c,Vegahom Europe
com_47758053,Vendian Entertainment
com_dda8df32,Verdi Productions
com_dfd4e911,Verisimilitude
com_f079863c,Vertigo Films
com_1010b377,Vestron Pictures
com_a5bce91b,Viacom Enterprises
com_fc412a2e,Victoires International
com_7610f0ad,Victor & Grais
com_4bdc4647,Victor Company of Japan (JVC)
com_6537d89f,View Askew Productions
com_f653f5b0,Village Roadshow Pictures
com_ecf5040f,Vinod Chopra Productions
com_a7576b50,Virgin
com_7f6a2509,Virgin Vision
com_8d1705fb,Vision International
com_9653e926,Vision PDG
com_5992807d,Visiona Romantica
com_b3039460,Vista Organization
com_3a53c101,Visual Arts Entertainment
com_d846703f,Vivendi Entertainment
com_31b8f7e9,Voltage Pictures
com_95f4999e,Votiv Films
com_60f2bfea,WIP
com_02a4583c,WW Production
com_d0f0b40b,Walden Media
com_2d971095,Walt Disney Animation Studios
com_5ecb5571,Walt Disney Pictures
com_8923f917,Walt Disney Productions
com_9c0b91b6,Warner Animation Group
com_bbbb353f,Warner Bros.
com_93fa5a8e,Warner Bros. Animation
com_658c3742,Warner Bros. Digital Distribution
com_5f308a75,Warner Bros. Family Entertainment
com_8db02f51,Warner Bros. Pictures
com_80a33708,Warner Independent Pictures (WIP)
com_fd99cdf5,Warp Films
com_e76824f3,Warp X
com_d01b057e,Waverly Films
com_c6486d07,Wayfare Entertainment
com_ea14fa43,Ways & Means
com_9ec2e118,Weintraub Entertainment Group
com_4c9e7edf,Westerly Films
com_8e530b02,Westwind
com_a75bf3e8,Whenua Films
com_c2abbdd1,White Eagle
com_2e28ccb5,White Lair
com_6027496e,WhiteFlame Productions
com_b4984977,Whitewater Films
com_fe13469b,Why Not Productions
com_21147a2b,Wiedemann & Berg Filmproduktion
com_f3a0ff1b,Wigwam Films
com_30601337,Wild Bunch
com_dc6f7c30,Wildgaze Films
com_da1a4043,Wildwood Enterprises
com_6ebc510d,Window III Productions
com_ffa5228e,WingNut Films
com_915e013a,Winkler Films
com_22369fa1,Winslow Partners Ltd.
com_bbcd0b50,Winwood Productions
com_98e01d40,Wiseau-Films
com_ec11907f,Wong Jing's Workshop Ltd.
com_26aa7b82,Woodline Productions
com_9569e661,Working Dog
com_434f8935,Working Title Films
com_13adfa80,World Film Services
com_add1705a,World Wrestling Entertainment (WWE)
com_a8bc77ba,World of Wonder Productions
com_1730e786,Worldview Entertainment
com_0e178299,Wytwórnia Filmów Dokumentalnych i Fabularnych (WFDiF)
com_2ffc64f1,X-Filme Creative Pool
com_297d1497,Yale Productions
com_2ec9fc0e,Yari Film Group (YFG)
com_a2d66311,Yari Film Group Releasing
com_3b8c3b9a,Yash Raj Films
com_ce617b34,Yellow Bird
com_4fdf5db4,Young Hannibal Productions
com_e8122773,Young Sung Production Co.
com_e0ecd208,Zacharias-Buhai Productions
com_3f4ba582,Zanuck/Brown Productions
com_beb72d31,ZapPictures
com_94cccda0,Zazen Produções
com_9a03b8d7,Zenith Entertainment
com_0ee9f6aa,Zentropa Entertainments
com_64c20156,Zentropa International Norway
com_c9f8eb9f,Zeta Entertainment
com_11e775de,Zoetrope Studios
com_2b2544e0,Zucker Brothers Productions
com_de988b16,Zupnik-Curtis Enterprises
com_3e86dab9,double A Films
com_64420fd1,erbp
com_42156a42,i am OTHER
com_271afb6a,i5 Films
com_99143fe8,iDeal Partners Film Fund
com_9e8c5fe2,micro_scope
com_531feece,thefyzz
