movie_id,title
mov_4bf595a5,The Shining
mov_357cb011,The Blue Lagoon
mov_bbb88991,Star Wars: Episode V - The Empire Strikes Back
mov_6533d92c,Airplane!
mov_4cc815df,Caddyshack
mov_0b6c2939,Friday the 13th
mov_e2e79e5d,The Blues Brothers
mov_bb0727e1,Raging Bull
mov_89046f6a,Superman II
mov_70f0e0ca,The Long Riders
mov_25fe1273,Any Which Way You Can
mov_f37af8bf,The Gods Must Be Crazy
mov_3434cec2,Popeye
mov_c32e82e7,Ordinary People
mov_b3d0c3f6,Dressed to Kill
mov_af7c41f0,Somewhere in Time
mov_a9945473,Fame
mov_6b2988b7,9 to 5
mov_fcb23fb0,The Fog
mov_d2f6697a,Stir Crazy
mov_cbaf318e,Cruising
mov_70b7104d,Heaven's Gate
mov_6d557e3f,The Final Countdown
mov_8d8af9d8,Xanadu
mov_b2c114f0,Urban Cowboy
mov_83ec948d,Altered States
mov_c615e31e,Little Darlings
mov_b5ac36e3,Raise the Titanic
mov_03947682,Brubaker
mov_dbbb5018,American Gigolo
mov_64a12f41,My Bodyguard
mov_42f8a32d,Prom Night
mov_0b91f8cc,Smokey and the Bandit II
mov_83ab882e,Cattle Annie and Little Britches
mov_329accff,Seems Like Old Times
mov_730b8f1e,Private Benjamin
mov_88af8199,The Hollywood Knights
mov_49a6d8bd,Motel Hell
mov_80c4054c,The Jazz Singer
mov_2c051f9d,Coal Miner's Daughter
mov_1accc6fb,The Watcher in the Woods
mov_fcab1b87,Breaker Morant
mov_b89293f8,The Stunt Man
mov_64ba12b7,Where the Buffalo Roam
mov_cf0913b6,The Awakening
mov_5189f854,Cheech and Chong's Next Movie
mov_f74c83a2,The Island
mov_4aae4b36,The Boogey Man
mov_f5f61c12,The Nude Bomb
mov_5ac095af,Lion of the Desert
mov_21025c63,Stardust Memories
mov_ee6e60b1,Melvin and Howard
mov_b18edae7,Can't Stop the Music
mov_f326f7f4,Bronco Billy
mov_5c35143b,City of Women
mov_9bbe7dd4,The Private Eyes
mov_07a4535e,When Time Ran Out...
mov_8c3e8b8e,Oh Heavenly Dog
mov_bc7ca97a,The Octagon
mov_200de116,Hangar 18
mov_6a0b5789,Herbie Goes Bananas
mov_29c34d0b,The Competition
mov_0d457788,It's My Turn
mov_9b9c75e0,Honeysuckle Rose
mov_f46b9745,Resurrection
mov_e92d6281,Fatso
mov_50b44581,Moscow Does Not Believe in Tears
mov_5ef8fee8,The Fiendish Plot of Dr. Fu Manchu
mov_fd4cafae,Serial
mov_354b6f98,Hero at Large
mov_9cc9d2c4,Wholly Moses!
mov_fbad6a09,"Bon Voyage, Charlie Brown (and Don't Come Back!!)"
mov_c08b35d9,In God We Trust (or Gimme That Prime Time Religion)
mov_0951125b,Roadie
mov_6bd0b7b5,Just Tell Me What You Want
mov_c3130aa5,The Last Flight of Noah's Ark
mov_6844fa3e,Little Miss Marker
mov_068ea215,Willie & Phil
mov_2e0d4934,Babylon
mov_ab371fb9,Windwalker
mov_e444644a,Phobia
mov_16c24a85,Windows
mov_a5070ecf,Loving Couples
mov_651a98d9,The King and the Mockingbird
mov_1aae06fe,"Oh, God! Book II"
mov_90e9d54f,"Those Lips, Those Eyes"
mov_a6a66c0e,La Cage aux Folles II
mov_b007137f,The Gong Show Movie
mov_f45166d1,Gilda Live
mov_d61b0822,Why Would I Lie?
mov_628ff5f4,First Family
mov_b80ff4ee,Mantis Fist Fighter
mov_e98c1224,Indiana Jones and the Raiders of the Lost Ark
mov_341d607a,Body Heat
mov_c1e5608a,An American Werewolf in London
mov_dd3b6539,Escape from New York
mov_1dfeddec,The Evil Dead
mov_54110ff5,Porky's
mov_4c6507e2,Blow Out
mov_de00ebfc,Clash of the Titans
mov_4c1fd5d4,Excalibur
mov_faf5fb28,Mad Max 2
mov_2e806e72,Das Boot
mov_dcc7ccf6,Stripes
mov_15f2dc48,Possession
mov_0b910897,The Cannonball Run
mov_f2ff679c,Thief
mov_8c256843,Endless Love
mov_75b02c6c,Time Bandits
mov_9fd41185,The Four Seasons
mov_e68b0554,Friday the 13th Part 2
mov_6dcbacd0,Scanners
mov_01f98d58,For Your Eyes Only
mov_50dcd90a,Halloween II
mov_ea0e0bd2,Taps
mov_52025081,Reds
mov_8422f0bc,On Golden Pond
mov_932d60be,The Fox and the Hound
mov_9ef68aff,Chariots of Fire
mov_4d638dd4,Absence of Malice
mov_19af1542,Tarzan the Ape Man
mov_6dd8b2f1,Victory
mov_2697ebe8,Arthur
mov_53cea8f2,My Dinner with Andre
mov_15daa67d,Caveman
mov_9cd77a35,Dead & Buried
mov_44933e64,History of the World: Part I
mov_f0fca8a5,The Howling
mov_8adbc255,Dragonslayer
mov_477fd2c2,Cutter's Way
mov_a922c9fc,Quest for Fire
mov_57445b41,The Final Conflict
mov_63f04b2d,Mommie Dearest
mov_7b99c8ca,Private Lessons
mov_b4fa8b07,The Postman Always Rings Twice
mov_c18c4e1e,Ragtime
mov_3f1bada1,Deadly Blessing
mov_86b03d1e,Eyewitness
mov_e175b4a0,Gallipoli
mov_3e2eb732,Outland
mov_4938bbf0,Southern Comfort
mov_2b2537f2,S.O.B.
mov_7ba06868,The Beyond
mov_f38fcdb0,Ghost Story
mov_7009402d,My Bloody Valentine
mov_33307edd,The Funhouse
mov_628b2dd4,One from the Heart
mov_4b99ff2d,The French Lieutenant's Woman
mov_67a6173f,The Great Muppet Caper
mov_f0b67666,True Confessions
mov_dc8992c2,Looker
mov_2d1f3ac6,Nighthawks
mov_b8ece8a3,Nice Dreams
mov_4dc81a52,Sharky's Machine
mov_03d53677,Neighbors
mov_28c5248f,Puberty Blues
mov_936debcd,Eye of the Needle
mov_712491d7,Wolfen
mov_897ef9e3,Student Bodies
mov_54c8b7c3,Prince of the City
mov_d0965290,The Hand
mov_0fa70187,Continental Divide
mov_f01b6c8a,Diva
mov_e9c4c19b,Venom
mov_458cfbd0,Fort Apache the Bronx
mov_6fd7b2f4,Eyes of a Stranger
mov_f61ebf60,Zorro: The Gay Blade
mov_4082de26,Under the Rainbow
mov_db601bf4,Carbon Copy
mov_8bd5d808,The Incredible Shrinking Woman
mov_824bcd12,The Night the Lights Went Out in Georgia
mov_56150ae0,Quartet
mov_65d11b73,Graduation Day
mov_364d3c81,Modern Problems
mov_765940d2,Pennies from Heaven
mov_015694b5,American Pop
mov_9f4ed4e2,The Legend of the Lone Ranger
mov_5d8391e4,Sphinx
mov_6c6f0b9e,Night School
mov_afee3715,An Eye for an Eye
mov_83fa2f4f,Zoot Suit
mov_b6f90019,Rich and Famous
mov_c10c8cfc,Buddy Buddy
mov_9d064a4c,Bustin' Loose
mov_fc5f2c7a,Modern Romance
mov_bc024cb2,Heartbeeps
mov_5d56f922,Back Roads
mov_df31fee2,Take This Job and Shove It
mov_7c613006,Raggedy Man
mov_e8226261,Whose Life Is It Anyway?
mov_1b287c16,Inchon
mov_4b035c6f,All Night Long
mov_f7b2bb73,The Pursuit of D.B. Cooper
mov_5329b57b,Rollover
mov_1d08ac3c,Only When I Laugh
mov_c590f492,Honky Tonk Freeway
mov_eaa71b3b,Paternity
mov_598c59ab,King of the Mountain
mov_802aca6c,Scream
mov_d0220bf5,The Devil and Max Devlin
